CustomerID,CustomerName,City,Segment,JoinDate
C0001,Customer_1,Jeddah,Consumer,2023-04-18
C0002,Customer_2,Makkah,Consumer,2023-01-12
C0003,Customer_3,Dammam,Consumer,2023-09-20
C0004,Customer_4,Madinah,Home Office,2022-12-25
C0005,Customer_5,Makkah,Consumer,2023-10-11
C0006,Customer_6,Makkah,Consumer,2024-03-29
C0007,Customer_7,Jeddah,Consumer,2024-04-06
C0008,Customer_8,Makkah,Consumer,2023-04-17
C0009,Customer_9,Riyadh,Consumer,2024-04-09
C0010,Customer_10,Riyadh,Consumer,2022-09-25
C0011,Customer_11,Makkah,Corporate,2023-01-22
C0012,Customer_12,Riyadh,Consumer,2022-03-22
C0013,Customer_13,Dammam,Corporate,2023-10-04
C0014,Customer_14,Khobar,Consumer,2024-01-06
C0015,Customer_15,Riyadh,Corporate,2023-09-30
C0016,Customer_16,Jeddah,Consumer,2023-12-31
C0017,Customer_17,Makkah,Consumer,2024-04-15
C0018,Customer_18,Dammam,Consumer,2023-02-05
C0019,Customer_19,Makkah,Consumer,2024-06-02
C0020,Customer_20,Jeddah,Corporate,2023-05-26
C0021,Customer_21,Riyadh,Consumer,2022-07-06
C0022,Customer_22,Makkah,Corporate,2024-02-10
C0023,Customer_23,Khobar,Consumer,2023-02-07
C0024,Customer_24,Jeddah,Consumer,2022-05-27
C0025,Customer_25,Khobar,Corporate,2024-03-30
C0026,Customer_26,Riyadh,Corporate,2023-10-02
C0027,Customer_27,Jeddah,Home Office,2024-02-18
C0028,Customer_28,Khobar,Corporate,2022-05-31
C0029,Customer_29,Makkah,Corporate,2022-09-20
C0030,Customer_30,Khobar,Consumer,2023-09-16
C0031,Customer_31,Riyadh,Consumer,2024-05-30
C0032,Customer_32,Jeddah,Home Office,2022-09-11
C0033,Customer_33,Khobar,Corporate,2022-06-09
C0034,Customer_34,Dammam,Consumer,2022-08-21
C0035,Customer_35,Dammam,Corporate,2022-07-27
C0036,Customer_36,Dammam,Home Office,2022-02-23
C0037,Customer_37,Riyadh,Corporate,2023-08-10
C0038,Customer_38,Riyadh,Consumer,2023-02-26
C0039,Customer_39,Khobar,Corporate,2022-04-22
C0040,Customer_40,Makkah,Home Office,2022-06-02
C0041,Customer_41,Madinah,Consumer,2024-05-27
C0042,Customer_42,Jeddah,Consumer,2022-06-12
C0043,Customer_43,Madinah,Consumer,2022-06-10
C0044,Customer_44,Khobar,Consumer,2022-10-04
C0045,Customer_45,Khobar,Consumer,2023-01-27
C0046,Customer_46,Dammam,Corporate,2022-02-02
C0047,Customer_47,Khobar,Consumer,2023-04-15
C0048,Customer_48,Makkah,Consumer,2022-02-07
C0049,Customer_49,Makkah,Consumer,2023-03-14
C0050,Customer_50,Dammam,Consumer,2022-10-04
C0051,Customer_51,Makkah,Corporate,2024-05-28
C0052,Customer_52,Riyadh,Consumer,2024-04-08
C0053,Customer_53,Dammam,Corporate,2022-07-11
C0054,Customer_54,Riyadh,Consumer,2022-06-21
C0055,Customer_55,Khobar,Consumer,2022-02-15
C0056,Customer_56,Madinah,Home Office,2024-06-10
C0057,Customer_57,Riyadh,Home Office,2022-12-15
C0058,Customer_58,Riyadh,Corporate,2023-08-30
C0059,Customer_59,Dammam,Home Office,2022-04-26
C0060,Customer_60,Madinah,Consumer,2022-06-10
C0061,Customer_61,Dammam,Consumer,2024-03-03
C0062,Customer_62,Jeddah,Home Office,2023-07-24
C0063,Customer_63,Dammam,Corporate,2024-03-02
C0064,Customer_64,Jeddah,Corporate,2024-05-03
C0065,Customer_65,Jeddah,Consumer,2023-05-05
C0066,Customer_66,Jeddah,Consumer,2022-04-14
C0067,Customer_67,Riyadh,Consumer,2022-09-03
C0068,Customer_68,Madinah,Consumer,2023-06-22
C0069,Customer_69,Dammam,Consumer,2023-02-12
C0070,Customer_70,Madinah,Consumer,2024-04-04
C0071,Customer_71,Khobar,Corporate,2022-11-17
C0072,Customer_72,Makkah,Corporate,2024-06-01
C0073,Customer_73,Khobar,Corporate,2024-03-10
C0074,Customer_74,Makkah,Consumer,2023-11-29
C0075,Customer_75,Makkah,Consumer,2022-11-10
C0076,Customer_76,Jeddah,Consumer,2023-11-23
C0077,Customer_77,Jeddah,Home Office,2022-02-23
C0078,Customer_78,Dammam,Consumer,2022-09-21
C0079,Customer_79,Madinah,Consumer,2023-09-12
C0080,Customer_80,Madinah,Consumer,2024-02-13
C0081,Customer_81,Madinah,Consumer,2022-12-16
C0082,Customer_82,Dammam,Corporate,2024-03-30
C0083,Customer_83,Madinah,Home Office,2022-04-16
C0084,Customer_84,Makkah,Consumer,2022-04-30
C0085,Customer_85,Dammam,Consumer,2022-12-12
C0086,Customer_86,Madinah,Consumer,2024-04-09
C0087,Customer_87,Riyadh,Corporate,2023-10-03
C0088,Customer_88,Jeddah,Home Office,2024-01-21
C0089,Customer_89,Jeddah,Consumer,2022-04-28
C0090,Customer_90,Riyadh,Corporate,2024-06-03
C0091,Customer_91,Riyadh,Home Office,2023-12-05
C0092,Customer_92,Madinah,Corporate,2022-09-04
C0093,Customer_93,Dammam,Consumer,2023-10-18
C0094,Customer_94,Dammam,Corporate,2023-11-28
C0095,Customer_95,Madinah,Consumer,2022-03-10
C0096,Customer_96,Riyadh,Consumer,2023-03-29
C0097,Customer_97,Khobar,Consumer,2023-04-19
C0098,Customer_98,Madinah,Consumer,2022-10-16
C0099,Customer_99,Makkah,Consumer,2022-01-23
C0100,Customer_100,Jeddah,Corporate,2024-04-16
C0101,Customer_101,Khobar,Consumer,2022-08-11
C0102,Customer_102,Jeddah,Corporate,2023-03-18
C0103,Customer_103,Riyadh,Consumer,2023-05-31
C0104,Customer_104,Jeddah,Consumer,2024-06-14
C0105,Customer_105,Dammam,Home Office,2023-11-21
C0106,Customer_106,Dammam,Corporate,2023-11-22
C0107,Customer_107,Dammam,Home Office,2024-04-14
C0108,Customer_108,Riyadh,Home Office,2024-04-21
C0109,Customer_109,Dammam,Consumer,2023-02-01
C0110,Customer_110,Khobar,Consumer,2024-06-16
C0111,Customer_111,Madinah,Consumer,2022-02-04
C0112,Customer_112,Riyadh,Corporate,2023-08-28
C0113,Customer_113,Jeddah,Corporate,2023-02-22
C0114,Customer_114,Dammam,Consumer,2022-07-15
C0115,Customer_115,Jeddah,Corporate,2023-05-08
C0116,Customer_116,Dammam,Home Office,2023-02-24
C0117,Customer_117,Riyadh,Home Office,2024-01-31
C0118,Customer_118,Khobar,Consumer,2023-04-02
C0119,Customer_119,Dammam,Home Office,2023-07-02
C0120,Customer_120,Jeddah,Consumer,2022-04-06
C0121,Customer_121,Makkah,Corporate,2024-02-19
C0122,Customer_122,Riyadh,Corporate,2022-10-06
C0123,Customer_123,Riyadh,Consumer,2024-03-08
C0124,Customer_124,Riyadh,Consumer,2023-08-19
C0125,Customer_125,Riyadh,Consumer,2023-11-30
C0126,Customer_126,Dammam,Consumer,2023-01-31
C0127,Customer_127,Madinah,Home Office,2022-03-17
C0128,Customer_128,Riyadh,Consumer,2023-12-19
C0129,Customer_129,Khobar,Corporate,2023-01-02
C0130,Customer_130,Madinah,Consumer,2023-01-31
C0131,Customer_131,Riyadh,Corporate,2023-04-14
C0132,Customer_132,Khobar,Home Office,2022-05-24
C0133,Customer_133,Riyadh,Consumer,2023-11-24
C0134,Customer_134,Jeddah,Home Office,2023-02-02
C0135,Customer_135,Jeddah,Consumer,2022-08-03
C0136,Customer_136,Madinah,Consumer,2023-10-20
C0137,Customer_137,Khobar,Corporate,2023-05-07
C0138,Customer_138,Riyadh,Consumer,2023-06-03
C0139,Customer_139,Makkah,Corporate,2022-06-19
C0140,Customer_140,Riyadh,Home Office,2023-09-26
C0141,Customer_141,Jeddah,Consumer,2022-06-14
C0142,Customer_142,Makkah,Home Office,2023-05-11
C0143,Customer_143,Madinah,Consumer,2023-05-15
C0144,Customer_144,Riyadh,Home Office,2022-08-05
C0145,Customer_145,Madinah,Corporate,2022-03-11
C0146,Customer_146,Khobar,Consumer,2023-03-21
C0147,Customer_147,Khobar,Corporate,2022-04-01
C0148,Customer_148,Jeddah,Home Office,2022-02-08
C0149,Customer_149,Makkah,Consumer,2023-10-15
C0150,Customer_150,Jeddah,Consumer,2022-02-27
C0151,Customer_151,Khobar,Consumer,2024-04-08
C0152,Customer_152,Riyadh,Corporate,2023-01-22
C0153,Customer_153,Madinah,Consumer,2023-05-20
C0154,Customer_154,Khobar,Consumer,2024-04-03
C0155,Customer_155,Riyadh,Consumer,2022-05-14
C0156,Customer_156,Jeddah,Consumer,2023-11-03
C0157,Customer_157,Madinah,Consumer,2022-05-29
C0158,Customer_158,Makkah,Home Office,2024-02-03
C0159,Customer_159,Madinah,Consumer,2023-10-21
C0160,Customer_160,Khobar,Consumer,2022-02-16
C0161,Customer_161,Riyadh,Consumer,2022-05-23
C0162,Customer_162,Riyadh,Corporate,2024-06-04
C0163,Customer_163,Dammam,Home Office,2022-01-12
C0164,Customer_164,Jeddah,Home Office,2022-12-24
C0165,Customer_165,Khobar,Consumer,2023-01-08
C0166,Customer_166,Jeddah,Consumer,2022-03-31
C0167,Customer_167,Jeddah,Consumer,2023-06-24
C0168,Customer_168,Khobar,Consumer,2024-01-10
C0169,Customer_169,Dammam,Corporate,2022-05-25
C0170,Customer_170,Riyadh,Consumer,2023-12-25
C0171,Customer_171,Madinah,Corporate,2023-07-12
C0172,Customer_172,Dammam,Home Office,2023-08-17
C0173,Customer_173,Dammam,Corporate,2024-03-25
C0174,Customer_174,Riyadh,Consumer,2024-04-03
C0175,Customer_175,Makkah,Home Office,2024-05-26
C0176,Customer_176,Madinah,Consumer,2024-03-11
C0177,Customer_177,Makkah,Home Office,2022-08-12
C0178,Customer_178,Riyadh,Consumer,2022-10-09
C0179,Customer_179,Riyadh,Home Office,2024-03-05
C0180,Customer_180,Riyadh,Home Office,2023-09-02
C0181,Customer_181,Riyadh,Consumer,2023-01-20
C0182,Customer_182,Madinah,Consumer,2023-06-02
C0183,Customer_183,Khobar,Home Office,2024-05-12
C0184,Customer_184,Madinah,Home Office,2023-03-13
C0185,Customer_185,Madinah,Corporate,2023-12-15
C0186,Customer_186,Jeddah,Consumer,2022-03-26
C0187,Customer_187,Makkah,Consumer,2022-01-01
C0188,Customer_188,Dammam,Consumer,2024-02-11
C0189,Customer_189,Makkah,Home Office,2023-05-03
C0190,Customer_190,Jeddah,Consumer,2022-03-13
C0191,Customer_191,Jeddah,Consumer,2023-03-14
C0192,Customer_192,Makkah,Home Office,2022-11-02
C0193,Customer_193,Khobar,Home Office,2022-08-24
C0194,Customer_194,Madinah,Consumer,2024-02-02
C0195,Customer_195,Riyadh,Corporate,2024-02-06
C0196,Customer_196,Madinah,Corporate,2023-08-01
C0197,Customer_197,Dammam,Consumer,2023-02-26
C0198,Customer_198,Khobar,Home Office,2022-11-02
C0199,Customer_199,Jeddah,Corporate,2022-12-01
C0200,Customer_200,Dammam,Consumer,2022-11-04
C0201,Customer_201,Riyadh,Consumer,2022-12-01
C0202,Customer_202,Khobar,Consumer,2022-04-16
C0203,Customer_203,Dammam,Corporate,2024-03-07
C0204,Customer_204,Khobar,Consumer,2023-02-05
C0205,Customer_205,Jeddah,Corporate,2024-05-01
C0206,Customer_206,Madinah,Home Office,2022-02-22
C0207,Customer_207,Jeddah,Consumer,2024-01-17
C0208,Customer_208,Dammam,Consumer,2024-06-01
C0209,Customer_209,Riyadh,Consumer,2024-04-27
C0210,Customer_210,Dammam,Consumer,2023-06-04
C0211,Customer_211,Khobar,Consumer,2023-11-27
C0212,Customer_212,Riyadh,Home Office,2022-07-14
C0213,Customer_213,Dammam,Corporate,2022-03-02
C0214,Customer_214,Jeddah,Consumer,2024-02-28
C0215,Customer_215,Madinah,Consumer,2023-11-13
C0216,Customer_216,Madinah,Consumer,2024-04-17
C0217,Customer_217,Riyadh,Consumer,2023-06-08
C0218,Customer_218,Jeddah,Home Office,2022-03-19
C0219,Customer_219,Jeddah,Corporate,2022-03-14
C0220,Customer_220,Jeddah,Corporate,2022-05-01
C0221,Customer_221,Makkah,Consumer,2022-12-16
C0222,Customer_222,Dammam,Home Office,2023-07-27
C0223,Customer_223,Riyadh,Consumer,2022-09-14
C0224,Customer_224,Riyadh,Corporate,2023-11-23
C0225,Customer_225,Makkah,Consumer,2022-01-28
C0226,Customer_226,Makkah,Consumer,2022-12-31
C0227,Customer_227,Jeddah,Consumer,2022-11-08
C0228,Customer_228,Dammam,Corporate,2023-09-15
C0229,Customer_229,Makkah,Corporate,2023-05-23
C0230,Customer_230,Madinah,Home Office,2024-03-16
C0231,Customer_231,Dammam,Consumer,2022-07-11
C0232,Customer_232,Riyadh,Corporate,2022-01-28
C0233,Customer_233,Jeddah,Corporate,2022-09-30
C0234,Customer_234,Makkah,Consumer,2024-03-22
C0235,Customer_235,Riyadh,Home Office,2022-07-31
C0236,Customer_236,Riyadh,Corporate,2022-03-08
C0237,Customer_237,Riyadh,Consumer,2022-04-21
C0238,Customer_238,Khobar,Consumer,2022-02-03
C0239,Customer_239,Riyadh,Corporate,2023-07-08
C0240,Customer_240,Riyadh,Consumer,2023-11-23
C0241,Customer_241,Jeddah,Corporate,2023-03-19
C0242,Customer_242,Dammam,Home Office,2024-01-11
C0243,Customer_243,Riyadh,Consumer,2023-10-24
C0244,Customer_244,Madinah,Consumer,2023-05-18
C0245,Customer_245,Khobar,Home Office,2023-03-22
C0246,Customer_246,Makkah,Home Office,2023-10-26
C0247,Customer_247,Riyadh,Consumer,2022-08-31
C0248,Customer_248,Madinah,Home Office,2022-08-11
C0249,Customer_249,Makkah,Consumer,2024-01-02
C0250,Customer_250,Dammam,Home Office,2023-10-08
C0251,Customer_251,Makkah,Consumer,2023-05-19
C0252,Customer_252,Makkah,Corporate,2023-03-17
C0253,Customer_253,Jeddah,Corporate,2023-01-27
C0254,Customer_254,Jeddah,Consumer,2022-10-27
C0255,Customer_255,Madinah,Consumer,2022-04-28
C0256,Customer_256,Khobar,Consumer,2022-08-13
C0257,Customer_257,Khobar,Consumer,2023-07-13
C0258,Customer_258,Riyadh,Corporate,2022-11-16
C0259,Customer_259,Makkah,Corporate,2022-05-19
C0260,Customer_260,Khobar,Consumer,2022-09-16
C0261,Customer_261,Riyadh,Consumer,2022-01-10
C0262,Customer_262,Madinah,Consumer,2022-06-21
C0263,Customer_263,Jeddah,Consumer,2023-10-04
C0264,Customer_264,Khobar,Consumer,2023-09-05
C0265,Customer_265,Riyadh,Corporate,2023-07-04
C0266,Customer_266,Dammam,Consumer,2024-03-27
C0267,Customer_267,Madinah,Home Office,2022-08-24
C0268,Customer_268,Jeddah,Consumer,2023-01-11
C0269,Customer_269,Dammam,Home Office,2023-08-11
C0270,Customer_270,Dammam,Consumer,2022-10-23
C0271,Customer_271,Makkah,Consumer,2022-12-15
C0272,Customer_272,Dammam,Corporate,2022-09-27
C0273,Customer_273,Khobar,Consumer,2023-12-26
C0274,Customer_274,Madinah,Home Office,2023-01-14
C0275,Customer_275,Makkah,Consumer,2022-05-12
C0276,Customer_276,Riyadh,Home Office,2022-03-30
C0277,Customer_277,Jeddah,Home Office,2022-10-22
C0278,Customer_278,Makkah,Home Office,2023-09-29
C0279,Customer_279,Makkah,Consumer,2023-07-29
C0280,Customer_280,Riyadh,Consumer,2022-08-13
C0281,Customer_281,Jeddah,Consumer,2023-09-08
C0282,Customer_282,Dammam,Consumer,2022-07-17
C0283,Customer_283,Makkah,Consumer,2022-06-28
C0284,Customer_284,Jeddah,Consumer,2022-01-15
C0285,Customer_285,Madinah,Consumer,2023-04-23
C0286,Customer_286,Dammam,Corporate,2023-07-04
C0287,Customer_287,Riyadh,Consumer,2023-02-15
C0288,Customer_288,Riyadh,Consumer,2023-08-21
C0289,Customer_289,Jeddah,Corporate,2023-09-27
C0290,Customer_290,Jeddah,Consumer,2024-03-16
C0291,Customer_291,Madinah,Consumer,2022-08-16
C0292,Customer_292,Madinah,Consumer,2023-11-27
C0293,Customer_293,Madinah,Consumer,2022-06-06
C0294,Customer_294,Khobar,Corporate,2022-05-10
C0295,Customer_295,Dammam,Corporate,2024-01-25
C0296,Customer_296,Khobar,Consumer,2024-03-21
C0297,Customer_297,Dammam,Consumer,2022-01-11
C0298,Customer_298,Makkah,Home Office,2023-07-04
C0299,Customer_299,Makkah,Consumer,2024-03-25
C0300,Customer_300,Jeddah,Home Office,2023-01-31
C0301,Customer_301,Jeddah,Corporate,2022-07-29
C0302,Customer_302,Riyadh,Consumer,2023-09-08
C0303,Customer_303,Khobar,Corporate,2022-12-22
C0304,Customer_304,Khobar,Corporate,2024-03-15
C0305,Customer_305,Jeddah,Corporate,2024-03-09
C0306,Customer_306,Jeddah,Consumer,2022-02-20
C0307,Customer_307,Madinah,Consumer,2022-10-24
C0308,Customer_308,Makkah,Home Office,2024-02-08
C0309,Customer_309,Makkah,Consumer,2022-12-12
C0310,Customer_310,Makkah,Consumer,2024-04-04
C0311,Customer_311,Riyadh,Home Office,2023-07-21
C0312,Customer_312,Dammam,Corporate,2023-10-23
C0313,Customer_313,Riyadh,Corporate,2022-07-21
C0314,Customer_314,Khobar,Corporate,2023-10-28
C0315,Customer_315,Riyadh,Consumer,2022-09-01
C0316,Customer_316,Riyadh,Home Office,2024-03-16
C0317,Customer_317,Jeddah,Consumer,2023-04-20
C0318,Customer_318,Jeddah,Home Office,2023-10-02
C0319,Customer_319,Dammam,Consumer,2024-02-02
C0320,Customer_320,Dammam,Consumer,2022-01-25
C0321,Customer_321,Khobar,Consumer,2024-05-05
C0322,Customer_322,Riyadh,Consumer,2022-03-04
C0323,Customer_323,Dammam,Corporate,2022-06-05
C0324,Customer_324,Jeddah,Corporate,2024-04-28
C0325,Customer_325,Khobar,Consumer,2022-05-28
C0326,Customer_326,Makkah,Home Office,2022-03-04
C0327,Customer_327,Madinah,Consumer,2022-11-23
C0328,Customer_328,Riyadh,Consumer,2022-08-03
C0329,Customer_329,Dammam,Consumer,2023-12-24
C0330,Customer_330,Makkah,Consumer,2022-10-12
C0331,Customer_331,Riyadh,Consumer,2022-10-13
C0332,Customer_332,Dammam,Consumer,2023-08-13
C0333,Customer_333,Dammam,Consumer,2022-07-13
C0334,Customer_334,Makkah,Consumer,2022-04-24
C0335,Customer_335,Makkah,Corporate,2024-04-10
C0336,Customer_336,Khobar,Consumer,2022-02-24
C0337,Customer_337,Dammam,Consumer,2023-04-03
C0338,Customer_338,Dammam,Corporate,2023-01-15
C0339,Customer_339,Riyadh,Consumer,2023-04-21
C0340,Customer_340,Jeddah,Home Office,2022-01-08
C0341,Customer_341,Riyadh,Corporate,2024-04-14
C0342,Customer_342,Dammam,Consumer,2022-11-24
C0343,Customer_343,Makkah,Consumer,2022-08-17
C0344,Customer_344,Dammam,Home Office,2023-08-27
C0345,Customer_345,Jeddah,Home Office,2022-03-29
C0346,Customer_346,Makkah,Corporate,2024-03-24
C0347,Customer_347,Dammam,Home Office,2023-05-15
C0348,Customer_348,Madinah,Consumer,2024-01-05
C0349,Customer_349,Jeddah,Consumer,2024-02-14
C0350,Customer_350,Riyadh,Consumer,2022-05-27
C0351,Customer_351,Madinah,Home Office,2022-10-12
C0352,Customer_352,Khobar,Corporate,2024-06-15
C0353,Customer_353,Madinah,Consumer,2024-01-16
C0354,Customer_354,Jeddah,Consumer,2022-04-29
C0355,Customer_355,Khobar,Home Office,2024-03-15
C0356,Customer_356,Makkah,Corporate,2022-08-14
C0357,Customer_357,Madinah,Consumer,2023-05-15
C0358,Customer_358,Jeddah,Corporate,2022-10-07
C0359,Customer_359,Riyadh,Home Office,2023-09-24
C0360,Customer_360,Dammam,Home Office,2022-05-08
C0361,Customer_361,Riyadh,Consumer,2022-07-28
C0362,Customer_362,Makkah,Corporate,2022-08-25
C0363,Customer_363,Riyadh,Consumer,2024-01-28
C0364,Customer_364,Makkah,Home Office,2022-01-04
C0365,Customer_365,Jeddah,Consumer,2022-04-19
C0366,Customer_366,Jeddah,Consumer,2022-03-16
C0367,Customer_367,Makkah,Home Office,2024-05-02
C0368,Customer_368,Jeddah,Corporate,2022-02-03
C0369,Customer_369,Riyadh,Consumer,2023-01-13
C0370,Customer_370,Khobar,Consumer,2024-05-23
C0371,Customer_371,Makkah,Consumer,2024-04-04
C0372,Customer_372,Makkah,Corporate,2023-09-02
C0373,Customer_373,Khobar,Corporate,2024-03-31
C0374,Customer_374,Jeddah,Home Office,2023-04-21
C0375,Customer_375,Makkah,Consumer,2023-07-30
C0376,Customer_376,Jeddah,Consumer,2022-12-29
C0377,Customer_377,Riyadh,Consumer,2022-10-19
C0378,Customer_378,Dammam,Consumer,2022-05-29
C0379,Customer_379,Dammam,Consumer,2023-05-27
C0380,Customer_380,Khobar,Corporate,2024-03-17
C0381,Customer_381,Dammam,Home Office,2022-02-24
C0382,Customer_382,Makkah,Consumer,2022-11-08
C0383,Customer_383,Riyadh,Consumer,2024-01-21
C0384,Customer_384,Khobar,Consumer,2022-09-01
C0385,Customer_385,Dammam,Home Office,2023-05-22
C0386,Customer_386,Madinah,Consumer,2022-07-20
C0387,Customer_387,Jeddah,Consumer,2022-03-14
C0388,Customer_388,Riyadh,Consumer,2023-10-03
C0389,Customer_389,Riyadh,Corporate,2023-09-08
C0390,Customer_390,Jeddah,Consumer,2024-03-13
C0391,Customer_391,Dammam,Consumer,2022-04-18
C0392,Customer_392,Khobar,Home Office,2022-04-12
C0393,Customer_393,Jeddah,Consumer,2023-09-05
C0394,Customer_394,Khobar,Home Office,2024-03-27
C0395,Customer_395,Madinah,Corporate,2023-07-23
C0396,Customer_396,Riyadh,Consumer,2022-11-14
C0397,Customer_397,Dammam,Corporate,2023-10-23
C0398,Customer_398,Riyadh,Corporate,2023-01-09
C0399,Customer_399,Makkah,Home Office,2023-04-11
C0400,Customer_400,Riyadh,Corporate,2023-07-25
C0401,Customer_401,Jeddah,Consumer,2023-06-22
C0402,Customer_402,Jeddah,Corporate,2023-02-05
C0403,Customer_403,Jeddah,Corporate,2022-09-07
C0404,Customer_404,Makkah,Consumer,2023-06-03
C0405,Customer_405,Riyadh,Consumer,2024-04-19
C0406,Customer_406,Jeddah,Consumer,2023-04-22
C0407,Customer_407,Jeddah,Corporate,2023-01-07
C0408,Customer_408,Dammam,Consumer,2023-05-05
C0409,Customer_409,Riyadh,Corporate,2022-06-01
C0410,Customer_410,Dammam,Corporate,2024-03-23
C0411,Customer_411,Jeddah,Home Office,2022-06-20
C0412,Customer_412,Jeddah,Corporate,2022-12-30
C0413,Customer_413,Riyadh,Consumer,2023-02-01
C0414,Customer_414,Jeddah,Consumer,2023-05-08
C0415,Customer_415,Jeddah,Home Office,2023-03-26
C0416,Customer_416,Dammam,Home Office,2023-02-18
C0417,Customer_417,Dammam,Home Office,2022-05-21
C0418,Customer_418,Jeddah,Home Office,2024-01-09
C0419,Customer_419,Dammam,Home Office,2022-01-29
C0420,Customer_420,Makkah,Consumer,2022-11-14
C0421,Customer_421,Madinah,Consumer,2022-09-29
C0422,Customer_422,Khobar,Home Office,2022-09-23
C0423,Customer_423,Makkah,Consumer,2022-12-25
C0424,Customer_424,Khobar,Corporate,2023-11-20
C0425,Customer_425,Dammam,Consumer,2023-01-11
C0426,Customer_426,Makkah,Home Office,2022-05-26
C0427,Customer_427,Makkah,Corporate,2023-03-08
C0428,Customer_428,Riyadh,Home Office,2023-08-08
C0429,Customer_429,Riyadh,Consumer,2022-05-20
C0430,Customer_430,Dammam,Home Office,2022-03-02
C0431,Customer_431,Madinah,Consumer,2023-12-11
C0432,Customer_432,Makkah,Corporate,2022-03-03
C0433,Customer_433,Madinah,Home Office,2023-12-12
C0434,Customer_434,Khobar,Consumer,2023-08-07
C0435,Customer_435,Khobar,Home Office,2022-11-06
C0436,Customer_436,Madinah,Home Office,2023-01-01
C0437,Customer_437,Jeddah,Consumer,2024-04-04
C0438,Customer_438,Jeddah,Consumer,2023-05-21
C0439,Customer_439,Dammam,Home Office,2023-06-01
C0440,Customer_440,Madinah,Corporate,2023-12-28
C0441,Customer_441,Riyadh,Consumer,2022-01-20
C0442,Customer_442,Jeddah,Consumer,2024-06-09
C0443,Customer_443,Jeddah,Consumer,2024-04-29
C0444,Customer_444,Makkah,Home Office,2022-01-03
C0445,Customer_445,Dammam,Consumer,2022-04-30
C0446,Customer_446,Madinah,Consumer,2022-11-25
C0447,Customer_447,Khobar,Corporate,2023-09-02
C0448,Customer_448,Dammam,Home Office,2022-11-19
C0449,Customer_449,Dammam,Consumer,2023-10-11
C0450,Customer_450,Dammam,Home Office,2022-11-28
C0451,Customer_451,Jeddah,Home Office,2022-02-09
C0452,Customer_452,Riyadh,Corporate,2022-08-14
C0453,Customer_453,Khobar,Consumer,2022-11-24
C0454,Customer_454,Dammam,Corporate,2023-08-25
C0455,Customer_455,Jeddah,Consumer,2022-11-12
C0456,Customer_456,Madinah,Home Office,2023-08-16
C0457,Customer_457,Jeddah,Consumer,2022-08-12
C0458,Customer_458,Makkah,Corporate,2023-11-29
C0459,Customer_459,Dammam,Consumer,2024-05-15
C0460,Customer_460,Dammam,Home Office,2022-10-16
C0461,Customer_461,Makkah,Consumer,2022-12-02
C0462,Customer_462,Khobar,Home Office,2023-07-25
C0463,Customer_463,Riyadh,Consumer,2023-07-11
C0464,Customer_464,Riyadh,Home Office,2022-12-22
C0465,Customer_465,Dammam,Corporate,2022-01-07
C0466,Customer_466,Madinah,Home Office,2024-04-05
C0467,Customer_467,Riyadh,Consumer,2023-06-19
C0468,Customer_468,Jeddah,Consumer,2022-12-29
C0469,Customer_469,Madinah,Corporate,2022-03-23
C0470,Customer_470,Khobar,Corporate,2023-08-12
C0471,Customer_471,Madinah,Consumer,2022-08-12
C0472,Customer_472,Madinah,Corporate,2022-04-23
C0473,Customer_473,Riyadh,Corporate,2022-08-11
C0474,Customer_474,Jeddah,Corporate,2024-05-05
C0475,Customer_475,Madinah,Corporate,2022-11-22
C0476,Customer_476,Dammam,Corporate,2023-08-09
C0477,Customer_477,Riyadh,Home Office,2024-04-10
C0478,Customer_478,Khobar,Corporate,2022-08-10
C0479,Customer_479,Madinah,Consumer,2022-07-15
C0480,Customer_480,Khobar,Corporate,2022-08-30
C0481,Customer_481,Khobar,Consumer,2022-01-17
C0482,Customer_482,Khobar,Consumer,2024-06-04
C0483,Customer_483,Riyadh,Consumer,2022-04-30
C0484,Customer_484,Dammam,Home Office,2022-09-27
C0485,Customer_485,Madinah,Consumer,2024-02-02
C0486,Customer_486,Dammam,Corporate,2023-04-05
C0487,Customer_487,Madinah,Consumer,2023-10-08
C0488,Customer_488,Dammam,Consumer,2023-06-22
C0489,Customer_489,Jeddah,Consumer,2022-10-12
C0490,Customer_490,Khobar,Consumer,2023-02-01
C0491,Customer_491,Riyadh,Consumer,2024-06-05
C0492,Customer_492,Madinah,Corporate,2024-06-02
C0493,Customer_493,Jeddah,Corporate,2022-03-25
C0494,Customer_494,Makkah,Consumer,2023-12-08
C0495,Customer_495,Riyadh,Home Office,2023-03-16
C0496,Customer_496,Khobar,Corporate,2022-10-30
C0497,Customer_497,Madinah,Corporate,2024-02-13
C0498,Customer_498,Dammam,Consumer,2023-01-22
C0499,Customer_499,Dammam,Consumer,2024-06-10
C0500,Customer_500,Makkah,Consumer,2022-06-12
