OrderID,OrderDate,CustomerID,StoreID,EmployeeID,OrderStatus
ORD00001,2024-05-31,C0426,ST05,E006,Completed
ORD00002,2023-10-04,C0201,ST06,E005,Completed
ORD00003,2023-11-22,C0217,ST07,E003,Cancelled
ORD00004,2023-04-07,C0031,ST03,E004,Completed
ORD00005,2024-02-10,C0244,ST06,E040,Completed
ORD00006,2024-03-15,C0105,ST03,E028,Completed
ORD00007,2023-06-17,C0476,ST07,E003,Completed
ORD00008,2023-12-22,C0412,ST07,E014,Completed
ORD00009,2023-12-17,C0493,ST01,E016,Completed
ORD00010,2023-11-25,C0279,ST01,E036,Completed
ORD00011,2023-07-31,C0219,ST08,E002,Completed
ORD00012,2023-05-12,C0491,ST07,E014,Completed
ORD00013,2024-07-02,C0205,ST04,E011,Completed
ORD00014,2023-06-24,C0262,ST05,E021,Completed
ORD00015,2023-08-06,C0027,ST07,E024,Returned
ORD00016,2023-08-28,C0356,ST06,E005,Completed
ORD00017,2023-04-01,C0039,ST04,E015,Completed
ORD00018,2024-07-09,C0270,ST04,E010,Completed
ORD00019,2023-04-17,C0416,ST06,E040,Completed
ORD00020,2024-07-02,C0381,ST04,E011,Completed
ORD00021,2023-04-20,C0462,ST02,E008,Completed
ORD00022,2023-12-24,C0005,ST04,E011,Completed
ORD00023,2023-04-10,C0047,ST07,E014,Completed
ORD00024,2024-03-11,C0102,ST08,E023,Completed
ORD00025,2023-12-12,C0295,ST01,E036,Completed
ORD00026,2024-04-27,C0187,ST08,E025,Completed
ORD00027,2023-01-17,C0194,ST07,E003,Completed
ORD00028,2023-09-19,C0444,ST07,E003,Completed
ORD00029,2024-01-02,C0302,ST01,E013,Completed
ORD00030,2024-05-27,C0463,ST08,E029,Completed
ORD00031,2023-03-08,C0163,ST04,E012,Completed
ORD00032,2024-08-09,C0437,ST06,E005,Completed
ORD00033,2023-12-20,C0447,ST06,E039,Completed
ORD00034,2024-03-03,C0425,ST03,E004,Completed
ORD00035,2024-01-21,C0157,ST04,E033,Completed
ORD00036,2023-09-18,C0315,ST07,E024,Cancelled
ORD00037,2023-10-29,C0497,ST02,E008,Completed
ORD00038,2024-05-12,C0305,ST07,E007,Completed
ORD00039,2023-04-11,C0276,ST07,E014,Completed
ORD00040,2023-12-03,C0457,ST06,E005,Returned
ORD00041,2023-07-05,C0242,ST05,E037,Completed
ORD00042,2024-05-10,C0192,ST07,E007,Completed
ORD00043,2023-06-21,C0243,ST08,E001,Returned
ORD00044,2023-05-14,C0136,ST05,E022,Cancelled
ORD00045,2023-09-30,C0114,ST03,E028,Completed
ORD00046,2023-06-27,C0066,ST02,E008,Completed
ORD00047,2023-04-17,C0100,ST07,E007,Completed
ORD00048,2024-03-01,C0258,ST05,E037,Completed
ORD00049,2024-07-09,C0126,ST06,E005,Completed
ORD00050,2023-06-10,C0276,ST05,E037,Completed
ORD00051,2024-08-21,C0110,ST05,E021,Completed
ORD00052,2023-07-06,C0036,ST05,E037,Returned
ORD00053,2023-07-31,C0402,ST02,E008,Cancelled
ORD00054,2024-02-23,C0048,ST02,E008,Completed
ORD00055,2023-11-29,C0155,ST04,E030,Completed
ORD00056,2023-08-18,C0349,ST01,E013,Completed
ORD00057,2024-07-17,C0233,ST06,E027,Completed
ORD00058,2023-08-15,C0018,ST02,E008,Completed
ORD00059,2024-03-20,C0180,ST08,E031,Completed
ORD00060,2024-01-16,C0299,ST05,E022,Completed
ORD00061,2024-02-04,C0306,ST08,E023,Completed
ORD00062,2023-10-23,C0286,ST07,E003,Completed
ORD00063,2023-07-06,C0497,ST02,E008,Completed
ORD00064,2024-07-09,C0396,ST03,E028,Returned
ORD00065,2023-10-15,C0011,ST02,E008,Completed
ORD00066,2023-04-27,C0410,ST02,E008,Completed
ORD00067,2023-05-10,C0116,ST07,E003,Completed
ORD00068,2023-04-19,C0071,ST05,E038,Completed
ORD00069,2024-04-17,C0175,ST01,E013,Completed
ORD00070,2024-05-17,C0285,ST06,E039,Returned
ORD00071,2024-03-20,C0046,ST06,E027,Completed
ORD00072,2023-10-31,C0200,ST01,E026,Completed
ORD00073,2023-08-01,C0410,ST06,E040,Completed
ORD00074,2024-01-26,C0331,ST08,E023,Completed
ORD00075,2023-02-21,C0144,ST01,E013,Completed
ORD00076,2023-07-05,C0358,ST01,E036,Completed
ORD00077,2023-09-26,C0379,ST05,E038,Completed
ORD00078,2023-08-07,C0296,ST05,E037,Completed
ORD00079,2024-01-12,C0479,ST07,E007,Completed
ORD00080,2023-01-04,C0425,ST04,E033,Completed
ORD00081,2023-03-22,C0288,ST05,E019,Completed
ORD00082,2023-06-19,C0270,ST03,E009,Completed
ORD00083,2024-07-27,C0229,ST02,E008,Completed
ORD00084,2024-03-03,C0122,ST05,E006,Completed
ORD00085,2023-12-09,C0456,ST01,E026,Completed
ORD00086,2024-05-28,C0418,ST06,E032,Returned
ORD00087,2023-04-25,C0376,ST06,E040,Completed
ORD00088,2023-05-18,C0284,ST07,E014,Completed
ORD00089,2023-10-23,C0332,ST07,E003,Completed
ORD00090,2023-10-31,C0395,ST04,E012,Returned
ORD00091,2023-10-21,C0211,ST04,E015,Returned
ORD00092,2024-07-25,C0395,ST06,E040,Completed
ORD00093,2024-06-12,C0024,ST08,E020,Completed
ORD00094,2023-12-28,C0465,ST04,E030,Completed
ORD00095,2023-11-18,C0424,ST02,E008,Returned
ORD00096,2023-07-01,C0296,ST05,E021,Completed
ORD00097,2023-09-18,C0176,ST05,E006,Completed
ORD00098,2023-02-03,C0432,ST03,E028,Completed
ORD00099,2023-07-12,C0079,ST04,E030,Completed
ORD00100,2023-12-19,C0173,ST02,E008,Completed
ORD00101,2023-06-21,C0366,ST01,E026,Completed
ORD00102,2024-01-04,C0445,ST08,E029,Completed
ORD00103,2023-11-13,C0442,ST07,E014,Cancelled
ORD00104,2023-09-09,C0451,ST02,E008,Completed
ORD00105,2024-05-05,C0390,ST03,E009,Completed
ORD00106,2023-09-12,C0465,ST08,E029,Completed
ORD00107,2023-06-25,C0016,ST01,E017,Completed
ORD00108,2023-03-31,C0411,ST01,E016,Completed
ORD00109,2024-06-04,C0162,ST05,E021,Completed
ORD00110,2023-06-13,C0201,ST05,E019,Completed
ORD00111,2024-06-18,C0178,ST07,E014,Completed
ORD00112,2024-01-12,C0455,ST01,E017,Completed
ORD00113,2023-09-15,C0147,ST04,E033,Completed
ORD00114,2023-04-18,C0318,ST03,E009,Completed
ORD00115,2023-06-05,C0196,ST01,E013,Completed
ORD00116,2024-01-07,C0146,ST05,E006,Completed
ORD00117,2023-07-26,C0316,ST01,E026,Completed
ORD00118,2024-03-01,C0406,ST06,E027,Completed
ORD00119,2023-09-21,C0074,ST07,E003,Completed
ORD00120,2023-10-09,C0300,ST01,E016,Completed
ORD00121,2023-10-26,C0103,ST02,E008,Completed
ORD00122,2024-03-30,C0263,ST05,E006,Completed
ORD00123,2023-09-26,C0437,ST03,E009,Cancelled
ORD00124,2023-11-14,C0170,ST06,E039,Completed
ORD00125,2024-02-03,C0280,ST02,E008,Completed
ORD00126,2024-08-01,C0087,ST05,E006,Completed
ORD00127,2023-02-10,C0365,ST01,E013,Completed
ORD00128,2023-02-09,C0056,ST07,E007,Completed
ORD00129,2024-03-19,C0400,ST06,E018,Completed
ORD00130,2023-10-14,C0433,ST06,E032,Returned
ORD00131,2023-11-12,C0101,ST01,E026,Completed
ORD00132,2023-01-09,C0465,ST01,E017,Completed
ORD00133,2023-11-14,C0253,ST06,E032,Returned
ORD00134,2024-04-26,C0096,ST08,E002,Completed
ORD00135,2023-06-07,C0034,ST06,E032,Completed
ORD00136,2023-03-09,C0047,ST06,E027,Completed
ORD00137,2024-03-26,C0087,ST07,E024,Completed
ORD00138,2023-01-05,C0255,ST06,E005,Completed
ORD00139,2023-06-01,C0085,ST01,E036,Completed
ORD00140,2023-02-19,C0254,ST04,E010,Completed
ORD00141,2023-03-27,C0439,ST06,E027,Completed
ORD00142,2023-10-26,C0354,ST07,E007,Completed
ORD00143,2023-09-19,C0300,ST07,E007,Completed
ORD00144,2023-05-14,C0211,ST06,E040,Completed
ORD00145,2023-09-10,C0376,ST07,E007,Completed
ORD00146,2023-07-25,C0433,ST05,E022,Completed
ORD00147,2023-08-18,C0320,ST06,E039,Completed
ORD00148,2024-01-21,C0261,ST03,E028,Completed
ORD00149,2023-04-27,C0136,ST03,E004,Completed
ORD00150,2023-05-20,C0193,ST06,E018,Completed
ORD00151,2024-05-07,C0424,ST01,E026,Completed
ORD00152,2023-01-23,C0002,ST05,E021,Completed
ORD00153,2023-03-30,C0126,ST05,E021,Completed
ORD00154,2024-06-08,C0429,ST03,E009,Completed
ORD00155,2024-02-20,C0322,ST06,E039,Completed
ORD00156,2023-06-04,C0157,ST08,E020,Completed
ORD00157,2023-03-13,C0019,ST08,E029,Completed
ORD00158,2023-02-14,C0363,ST05,E021,Completed
ORD00159,2023-01-23,C0080,ST04,E033,Completed
ORD00160,2023-09-16,C0348,ST04,E015,Completed
ORD00161,2023-12-08,C0227,ST04,E033,Completed
ORD00162,2024-07-18,C0461,ST08,E001,Completed
ORD00163,2023-10-16,C0085,ST04,E033,Returned
ORD00164,2024-05-08,C0126,ST03,E004,Completed
ORD00165,2023-06-18,C0342,ST07,E007,Completed
ORD00166,2023-04-19,C0202,ST04,E035,Completed
ORD00167,2024-06-06,C0455,ST01,E016,Completed
ORD00168,2024-04-18,C0049,ST05,E037,Completed
ORD00169,2023-01-31,C0279,ST08,E025,Completed
ORD00170,2024-06-18,C0461,ST05,E006,Returned
ORD00171,2024-02-23,C0244,ST08,E034,Completed
ORD00172,2023-03-17,C0026,ST08,E025,Completed
ORD00173,2024-04-28,C0135,ST04,E035,Completed
ORD00174,2023-10-12,C0423,ST01,E016,Completed
ORD00175,2023-08-27,C0278,ST04,E011,Cancelled
ORD00176,2023-03-30,C0282,ST02,E008,Completed
ORD00177,2023-05-22,C0126,ST05,E019,Completed
ORD00178,2024-06-07,C0451,ST05,E022,Completed
ORD00179,2023-08-10,C0198,ST08,E034,Completed
ORD00180,2024-07-27,C0070,ST04,E010,Completed
ORD00181,2024-02-07,C0288,ST04,E010,Completed
ORD00182,2023-08-12,C0142,ST05,E019,Completed
ORD00183,2024-07-05,C0406,ST05,E021,Completed
ORD00184,2023-01-05,C0349,ST02,E008,Completed
ORD00185,2023-01-25,C0075,ST08,E002,Completed
ORD00186,2024-03-21,C0165,ST01,E017,Completed
ORD00187,2023-01-22,C0350,ST04,E035,Completed
ORD00188,2023-04-01,C0162,ST07,E003,Completed
ORD00189,2024-05-11,C0199,ST05,E006,Completed
ORD00190,2023-06-04,C0281,ST08,E031,Completed
ORD00191,2024-04-14,C0374,ST03,E009,Completed
ORD00192,2023-09-05,C0233,ST06,E027,Completed
ORD00193,2023-12-26,C0166,ST06,E027,Completed
ORD00194,2023-04-05,C0223,ST05,E037,Returned
ORD00195,2023-04-18,C0360,ST01,E036,Completed
ORD00196,2023-07-08,C0063,ST07,E007,Completed
ORD00197,2024-01-27,C0486,ST07,E024,Completed
ORD00198,2023-12-15,C0362,ST08,E031,Completed
ORD00199,2024-03-24,C0439,ST07,E024,Completed
ORD00200,2023-11-05,C0154,ST07,E014,Completed
ORD00201,2024-02-29,C0350,ST07,E014,Completed
ORD00202,2023-02-27,C0157,ST05,E022,Completed
ORD00203,2024-05-27,C0423,ST03,E028,Completed
ORD00204,2023-08-22,C0186,ST08,E029,Returned
ORD00205,2023-12-03,C0086,ST06,E005,Completed
ORD00206,2024-05-03,C0021,ST06,E018,Returned
ORD00207,2023-01-08,C0383,ST01,E036,Completed
ORD00208,2023-02-20,C0082,ST02,E008,Completed
ORD00209,2023-09-19,C0241,ST08,E020,Returned
ORD00210,2023-01-30,C0406,ST01,E036,Completed
ORD00211,2024-06-06,C0380,ST05,E006,Completed
ORD00212,2024-03-22,C0446,ST04,E012,Completed
ORD00213,2023-08-04,C0479,ST07,E024,Completed
ORD00214,2024-05-13,C0129,ST03,E009,Completed
ORD00215,2023-06-02,C0023,ST08,E023,Completed
ORD00216,2023-06-01,C0005,ST03,E004,Completed
ORD00217,2024-07-16,C0365,ST07,E007,Completed
ORD00218,2023-12-29,C0187,ST03,E028,Completed
ORD00219,2023-07-29,C0437,ST03,E028,Completed
ORD00220,2024-08-18,C0131,ST03,E028,Completed
ORD00221,2024-03-21,C0189,ST02,E008,Completed
ORD00222,2024-07-20,C0410,ST05,E022,Completed
ORD00223,2024-01-08,C0033,ST07,E014,Completed
ORD00224,2023-05-18,C0151,ST04,E012,Completed
ORD00225,2023-05-29,C0213,ST06,E040,Completed
ORD00226,2024-04-01,C0458,ST01,E026,Completed
ORD00227,2024-03-04,C0237,ST07,E007,Completed
ORD00228,2023-01-16,C0323,ST08,E031,Completed
ORD00229,2024-01-29,C0325,ST04,E011,Completed
ORD00230,2023-02-18,C0161,ST03,E009,Completed
ORD00231,2023-11-26,C0183,ST06,E032,Completed
ORD00232,2024-03-01,C0070,ST08,E023,Completed
ORD00233,2023-04-27,C0015,ST06,E040,Completed
ORD00234,2023-05-08,C0076,ST05,E038,Completed
ORD00235,2023-02-26,C0348,ST01,E026,Completed
ORD00236,2023-11-25,C0068,ST03,E009,Completed
ORD00237,2024-03-05,C0295,ST05,E037,Completed
ORD00238,2023-07-13,C0363,ST07,E024,Completed
ORD00239,2023-11-14,C0339,ST01,E013,Completed
ORD00240,2024-03-28,C0439,ST08,E002,Completed
ORD00241,2023-03-31,C0370,ST06,E018,Completed
ORD00242,2024-04-23,C0458,ST01,E013,Completed
ORD00243,2023-07-23,C0064,ST05,E021,Completed
ORD00244,2023-06-11,C0400,ST08,E034,Completed
ORD00245,2023-10-21,C0452,ST08,E029,Cancelled
ORD00246,2024-07-26,C0003,ST08,E029,Completed
ORD00247,2023-01-14,C0021,ST08,E031,Completed
ORD00248,2024-03-13,C0041,ST01,E017,Completed
ORD00249,2024-02-22,C0159,ST02,E008,Returned
ORD00250,2023-07-08,C0366,ST07,E024,Completed
ORD00251,2024-02-04,C0190,ST07,E024,Completed
ORD00252,2023-08-07,C0158,ST05,E022,Completed
ORD00253,2024-06-05,C0100,ST08,E020,Completed
ORD00254,2023-06-06,C0187,ST05,E022,Completed
ORD00255,2023-10-26,C0038,ST06,E018,Completed
ORD00256,2024-04-30,C0250,ST05,E019,Completed
ORD00257,2024-02-01,C0202,ST05,E038,Completed
ORD00258,2023-01-10,C0113,ST03,E028,Completed
ORD00259,2023-08-12,C0235,ST08,E025,Completed
ORD00260,2023-11-19,C0300,ST03,E004,Completed
ORD00261,2024-03-06,C0324,ST06,E005,Completed
ORD00262,2024-07-31,C0173,ST01,E016,Returned
ORD00263,2023-07-10,C0100,ST02,E008,Completed
ORD00264,2023-01-02,C0428,ST07,E024,Completed
ORD00265,2023-01-21,C0193,ST07,E003,Completed
ORD00266,2024-05-17,C0036,ST03,E004,Completed
ORD00267,2024-05-15,C0297,ST03,E028,Completed
ORD00268,2023-03-22,C0084,ST04,E015,Completed
ORD00269,2023-05-04,C0001,ST01,E016,Completed
ORD00270,2023-10-21,C0419,ST03,E028,Completed
ORD00271,2023-04-13,C0342,ST04,E035,Completed
ORD00272,2023-09-23,C0199,ST07,E024,Completed
ORD00273,2023-02-08,C0132,ST05,E006,Completed
ORD00274,2024-04-14,C0077,ST03,E028,Completed
ORD00275,2023-10-29,C0079,ST06,E039,Completed
ORD00276,2024-08-14,C0265,ST07,E014,Completed
ORD00277,2023-01-14,C0446,ST06,E032,Completed
ORD00278,2024-04-18,C0495,ST07,E007,Completed
ORD00279,2023-06-23,C0486,ST03,E028,Completed
ORD00280,2024-07-22,C0488,ST08,E031,Completed
ORD00281,2024-03-31,C0135,ST05,E021,Completed
ORD00282,2024-07-12,C0464,ST05,E019,Completed
ORD00283,2024-07-08,C0048,ST05,E021,Completed
ORD00284,2023-11-04,C0368,ST08,E002,Completed
ORD00285,2023-11-28,C0351,ST07,E003,Cancelled
ORD00286,2024-07-25,C0154,ST06,E018,Completed
ORD00287,2024-07-23,C0461,ST04,E030,Completed
ORD00288,2023-08-08,C0451,ST03,E028,Completed
ORD00289,2024-05-25,C0470,ST04,E015,Completed
ORD00290,2024-02-08,C0086,ST06,E039,Completed
ORD00291,2023-06-09,C0240,ST08,E023,Completed
ORD00292,2023-09-19,C0281,ST01,E013,Completed
ORD00293,2024-07-09,C0165,ST02,E008,Completed
ORD00294,2023-06-08,C0209,ST06,E032,Returned
ORD00295,2023-03-18,C0097,ST08,E002,Completed
ORD00296,2023-02-07,C0096,ST07,E003,Completed
ORD00297,2023-05-06,C0249,ST07,E024,Completed
ORD00298,2023-12-10,C0148,ST03,E004,Completed
ORD00299,2023-09-22,C0438,ST08,E001,Completed
ORD00300,2024-02-15,C0395,ST08,E002,Completed
ORD00301,2024-03-03,C0236,ST06,E005,Returned
ORD00302,2023-07-07,C0303,ST08,E020,Returned
ORD00303,2023-08-01,C0171,ST04,E012,Completed
ORD00304,2024-02-29,C0413,ST03,E028,Completed
ORD00305,2023-04-11,C0423,ST02,E008,Completed
ORD00306,2024-02-15,C0004,ST06,E039,Completed
ORD00307,2024-03-30,C0485,ST05,E037,Completed
ORD00308,2024-02-11,C0325,ST04,E011,Completed
ORD00309,2024-04-27,C0288,ST02,E008,Completed
ORD00310,2024-02-05,C0001,ST06,E027,Completed
ORD00311,2024-08-15,C0237,ST01,E026,Completed
ORD00312,2024-02-17,C0141,ST04,E010,Completed
ORD00313,2023-06-25,C0144,ST04,E015,Completed
ORD00314,2023-11-12,C0299,ST01,E036,Cancelled
ORD00315,2023-11-19,C0103,ST05,E037,Completed
ORD00316,2024-03-20,C0317,ST04,E011,Completed
ORD00317,2024-01-30,C0481,ST08,E029,Completed
ORD00318,2023-04-08,C0239,ST01,E013,Completed
ORD00319,2023-09-06,C0232,ST04,E030,Completed
ORD00320,2023-04-09,C0146,ST07,E024,Completed
ORD00321,2023-02-04,C0039,ST03,E004,Completed
ORD00322,2024-08-22,C0403,ST04,E010,Completed
ORD00323,2023-12-15,C0315,ST08,E025,Completed
ORD00324,2023-05-13,C0255,ST02,E008,Completed
ORD00325,2024-03-25,C0348,ST08,E034,Completed
ORD00326,2024-08-21,C0129,ST01,E026,Completed
ORD00327,2024-08-15,C0433,ST02,E008,Completed
ORD00328,2023-10-13,C0304,ST06,E039,Completed
ORD00329,2024-02-03,C0424,ST05,E038,Completed
ORD00330,2023-12-15,C0344,ST05,E021,Completed
ORD00331,2024-01-17,C0093,ST06,E039,Completed
ORD00332,2024-06-21,C0008,ST01,E036,Cancelled
ORD00333,2023-04-24,C0110,ST06,E039,Completed
ORD00334,2023-10-31,C0252,ST02,E008,Completed
ORD00335,2023-01-07,C0249,ST06,E018,Completed
ORD00336,2023-07-29,C0469,ST04,E012,Completed
ORD00337,2024-01-29,C0428,ST05,E022,Completed
ORD00338,2024-07-31,C0181,ST02,E008,Completed
ORD00339,2024-03-28,C0360,ST03,E009,Completed
ORD00340,2023-05-30,C0271,ST07,E003,Completed
ORD00341,2023-10-21,C0336,ST03,E028,Completed
ORD00342,2024-01-28,C0469,ST03,E004,Cancelled
ORD00343,2023-11-05,C0481,ST05,E037,Completed
ORD00344,2024-06-28,C0454,ST03,E028,Completed
ORD00345,2024-05-10,C0353,ST01,E017,Completed
ORD00346,2023-12-03,C0167,ST05,E006,Completed
ORD00347,2023-12-21,C0175,ST03,E028,Completed
ORD00348,2023-12-26,C0460,ST03,E009,Completed
ORD00349,2023-12-17,C0403,ST05,E022,Completed
ORD00350,2023-05-13,C0109,ST01,E017,Cancelled
ORD00351,2023-03-13,C0254,ST08,E034,Completed
ORD00352,2024-05-05,C0408,ST06,E027,Completed
ORD00353,2024-04-09,C0317,ST03,E004,Completed
ORD00354,2023-06-26,C0121,ST02,E008,Completed
ORD00355,2024-07-12,C0407,ST02,E008,Completed
ORD00356,2023-05-13,C0495,ST04,E011,Completed
ORD00357,2023-02-27,C0397,ST05,E038,Completed
ORD00358,2023-11-20,C0001,ST06,E040,Cancelled
ORD00359,2023-07-10,C0237,ST07,E024,Completed
ORD00360,2024-01-02,C0344,ST07,E014,Completed
ORD00361,2024-08-13,C0356,ST03,E009,Completed
ORD00362,2023-10-21,C0248,ST02,E008,Completed
ORD00363,2023-02-21,C0299,ST02,E008,Completed
ORD00364,2024-02-10,C0419,ST03,E009,Completed
ORD00365,2023-12-09,C0111,ST08,E023,Completed
ORD00366,2024-05-30,C0332,ST05,E019,Completed
ORD00367,2024-06-12,C0223,ST01,E017,Completed
ORD00368,2024-08-08,C0238,ST04,E033,Completed
ORD00369,2023-06-07,C0430,ST01,E036,Completed
ORD00370,2023-01-06,C0102,ST03,E009,Completed
ORD00371,2023-10-27,C0076,ST02,E008,Completed
ORD00372,2024-04-05,C0131,ST02,E008,Completed
ORD00373,2023-03-13,C0114,ST01,E016,Completed
ORD00374,2024-08-22,C0352,ST07,E024,Completed
ORD00375,2023-09-26,C0321,ST01,E036,Completed
ORD00376,2024-03-17,C0329,ST08,E031,Completed
ORD00377,2023-07-06,C0214,ST01,E017,Completed
ORD00378,2023-04-12,C0228,ST04,E011,Completed
ORD00379,2023-02-01,C0198,ST07,E003,Completed
ORD00380,2023-02-12,C0033,ST03,E004,Completed
ORD00381,2023-08-02,C0125,ST03,E009,Completed
ORD00382,2023-12-06,C0063,ST01,E013,Completed
ORD00383,2023-12-24,C0017,ST02,E008,Completed
ORD00384,2024-03-23,C0134,ST02,E008,Cancelled
ORD00385,2024-07-25,C0307,ST07,E007,Completed
ORD00386,2024-06-15,C0223,ST04,E035,Completed
ORD00387,2024-03-18,C0339,ST02,E008,Completed
ORD00388,2023-09-04,C0474,ST03,E004,Completed
ORD00389,2024-03-06,C0336,ST04,E010,Completed
ORD00390,2023-04-05,C0270,ST08,E029,Completed
ORD00391,2024-08-10,C0388,ST01,E026,Completed
ORD00392,2024-04-17,C0383,ST04,E035,Completed
ORD00393,2023-05-27,C0375,ST04,E033,Completed
ORD00394,2024-04-17,C0288,ST06,E005,Completed
ORD00395,2024-07-17,C0442,ST04,E035,Completed
ORD00396,2023-05-15,C0374,ST08,E020,Completed
ORD00397,2024-04-17,C0266,ST05,E022,Completed
ORD00398,2023-07-28,C0322,ST02,E008,Completed
ORD00399,2023-12-08,C0115,ST02,E008,Completed
ORD00400,2023-10-16,C0171,ST08,E001,Completed
ORD00401,2023-09-26,C0207,ST06,E032,Completed
ORD00402,2023-12-21,C0258,ST01,E036,Returned
ORD00403,2024-08-04,C0473,ST06,E005,Completed
ORD00404,2024-02-25,C0177,ST06,E039,Completed
ORD00405,2024-06-15,C0249,ST07,E007,Completed
ORD00406,2023-11-23,C0143,ST06,E032,Completed
ORD00407,2024-03-30,C0162,ST04,E015,Completed
ORD00408,2024-03-25,C0276,ST08,E020,Completed
ORD00409,2023-12-11,C0211,ST01,E013,Completed
ORD00410,2023-04-08,C0253,ST02,E008,Completed
ORD00411,2024-04-29,C0311,ST01,E026,Returned
ORD00412,2023-01-08,C0028,ST03,E028,Completed
ORD00413,2024-04-13,C0405,ST07,E024,Completed
ORD00414,2023-07-06,C0468,ST07,E007,Completed
ORD00415,2024-05-22,C0471,ST08,E029,Completed
ORD00416,2024-01-11,C0176,ST02,E008,Completed
ORD00417,2023-03-10,C0390,ST07,E024,Completed
ORD00418,2023-01-11,C0006,ST01,E016,Completed
ORD00419,2023-12-24,C0101,ST04,E011,Completed
ORD00420,2024-05-28,C0129,ST03,E009,Completed
ORD00421,2023-03-12,C0042,ST03,E009,Completed
ORD00422,2023-12-20,C0285,ST02,E008,Completed
ORD00423,2024-07-07,C0462,ST05,E022,Returned
ORD00424,2024-06-17,C0102,ST03,E009,Completed
ORD00425,2023-03-06,C0305,ST07,E014,Completed
ORD00426,2024-04-06,C0482,ST02,E008,Completed
ORD00427,2023-08-26,C0271,ST03,E028,Completed
ORD00428,2023-09-18,C0322,ST01,E026,Completed
ORD00429,2023-05-07,C0034,ST04,E035,Completed
ORD00430,2024-01-06,C0062,ST02,E008,Completed
ORD00431,2024-08-10,C0399,ST06,E005,Completed
ORD00432,2023-04-22,C0248,ST06,E005,Completed
ORD00433,2024-06-24,C0408,ST04,E015,Completed
ORD00434,2023-11-04,C0493,ST05,E022,Completed
ORD00435,2023-05-15,C0398,ST06,E018,Completed
ORD00436,2024-06-25,C0470,ST01,E013,Completed
ORD00437,2023-06-03,C0358,ST01,E026,Completed
ORD00438,2023-11-20,C0418,ST06,E032,Completed
ORD00439,2023-06-27,C0441,ST02,E008,Completed
ORD00440,2023-01-15,C0313,ST08,E020,Completed
ORD00441,2023-02-26,C0298,ST06,E027,Completed
ORD00442,2023-01-02,C0420,ST02,E008,Completed
ORD00443,2024-06-05,C0228,ST06,E032,Completed
ORD00444,2023-02-17,C0378,ST05,E038,Completed
ORD00445,2023-06-30,C0184,ST02,E008,Completed
ORD00446,2024-07-13,C0417,ST04,E030,Completed
ORD00447,2023-04-28,C0221,ST06,E040,Completed
ORD00448,2024-06-11,C0419,ST02,E008,Completed
ORD00449,2023-07-27,C0081,ST05,E022,Completed
ORD00450,2024-04-20,C0034,ST08,E001,Completed
ORD00451,2023-05-12,C0118,ST03,E028,Completed
ORD00452,2024-08-12,C0215,ST02,E008,Completed
ORD00453,2024-08-07,C0150,ST06,E032,Completed
ORD00454,2023-07-13,C0094,ST06,E039,Returned
ORD00455,2024-02-10,C0208,ST01,E016,Completed
ORD00456,2023-08-06,C0063,ST08,E025,Completed
ORD00457,2024-03-14,C0192,ST01,E026,Completed
ORD00458,2023-11-18,C0096,ST05,E022,Completed
ORD00459,2023-03-29,C0294,ST02,E008,Completed
ORD00460,2024-07-02,C0061,ST03,E009,Completed
ORD00461,2023-12-05,C0251,ST01,E036,Completed
ORD00462,2024-07-08,C0305,ST07,E003,Completed
ORD00463,2023-02-02,C0190,ST08,E020,Completed
ORD00464,2023-11-25,C0051,ST07,E003,Completed
ORD00465,2024-03-19,C0176,ST06,E005,Completed
ORD00466,2023-05-11,C0089,ST01,E026,Completed
ORD00467,2024-06-20,C0420,ST01,E016,Completed
ORD00468,2024-02-05,C0380,ST04,E015,Completed
ORD00469,2023-05-20,C0121,ST08,E031,Completed
ORD00470,2023-08-10,C0181,ST06,E032,Completed
ORD00471,2024-02-02,C0195,ST02,E008,Completed
ORD00472,2024-03-21,C0458,ST06,E040,Completed
ORD00473,2023-01-03,C0340,ST07,E014,Completed
ORD00474,2023-09-03,C0052,ST01,E026,Completed
ORD00475,2024-07-22,C0481,ST06,E032,Completed
ORD00476,2024-05-11,C0051,ST07,E007,Completed
ORD00477,2024-05-08,C0478,ST06,E040,Completed
ORD00478,2023-06-09,C0079,ST02,E008,Completed
ORD00479,2024-01-20,C0322,ST07,E024,Completed
ORD00480,2024-04-30,C0090,ST05,E021,Completed
ORD00481,2023-11-03,C0186,ST01,E013,Completed
ORD00482,2024-07-04,C0282,ST08,E023,Completed
ORD00483,2024-01-05,C0414,ST07,E003,Completed
ORD00484,2024-04-27,C0440,ST03,E009,Completed
ORD00485,2024-02-24,C0370,ST07,E003,Completed
ORD00486,2024-05-09,C0265,ST02,E008,Completed
ORD00487,2023-07-25,C0365,ST03,E004,Completed
ORD00488,2023-08-21,C0283,ST05,E022,Completed
ORD00489,2023-03-07,C0288,ST06,E018,Completed
ORD00490,2023-01-19,C0225,ST03,E004,Completed
ORD00491,2024-01-11,C0297,ST08,E002,Completed
ORD00492,2024-01-24,C0116,ST04,E033,Completed
ORD00493,2024-04-04,C0261,ST08,E025,Completed
ORD00494,2023-11-05,C0133,ST06,E039,Cancelled
ORD00495,2024-05-09,C0328,ST08,E031,Completed
ORD00496,2023-12-30,C0076,ST02,E008,Completed
ORD00497,2023-05-04,C0106,ST02,E008,Completed
ORD00498,2023-12-10,C0092,ST05,E022,Completed
ORD00499,2023-04-02,C0343,ST01,E016,Completed
ORD00500,2023-09-02,C0008,ST07,E024,Completed
ORD00501,2023-10-16,C0389,ST02,E008,Completed
ORD00502,2023-12-22,C0250,ST02,E008,Completed
ORD00503,2023-08-28,C0449,ST07,E003,Completed
ORD00504,2024-04-07,C0261,ST02,E008,Completed
ORD00505,2023-09-03,C0123,ST04,E033,Completed
ORD00506,2023-06-01,C0168,ST03,E004,Completed
ORD00507,2023-09-11,C0167,ST03,E009,Completed
ORD00508,2023-03-22,C0360,ST01,E013,Completed
ORD00509,2023-07-16,C0135,ST05,E019,Completed
ORD00510,2023-10-01,C0062,ST01,E016,Completed
ORD00511,2023-04-11,C0211,ST07,E024,Completed
ORD00512,2023-04-01,C0063,ST03,E028,Completed
ORD00513,2023-09-10,C0403,ST06,E040,Completed
ORD00514,2023-07-07,C0082,ST06,E032,Completed
ORD00515,2024-05-29,C0048,ST04,E030,Completed
ORD00516,2023-07-17,C0392,ST04,E035,Completed
ORD00517,2023-03-31,C0009,ST07,E003,Completed
ORD00518,2023-01-24,C0160,ST08,E002,Completed
ORD00519,2024-07-14,C0068,ST06,E027,Completed
ORD00520,2023-03-24,C0124,ST07,E007,Completed
ORD00521,2024-07-18,C0079,ST04,E030,Completed
ORD00522,2023-09-25,C0141,ST05,E037,Completed
ORD00523,2023-06-01,C0168,ST01,E026,Completed
ORD00524,2023-02-11,C0336,ST05,E037,Completed
ORD00525,2023-02-09,C0367,ST02,E008,Completed
ORD00526,2024-02-25,C0284,ST08,E002,Completed
ORD00527,2023-10-09,C0130,ST04,E015,Completed
ORD00528,2023-10-02,C0430,ST01,E016,Returned
ORD00529,2023-12-22,C0276,ST08,E023,Completed
ORD00530,2023-06-29,C0366,ST05,E022,Returned
ORD00531,2024-03-23,C0130,ST01,E016,Completed
ORD00532,2024-03-25,C0410,ST05,E019,Completed
ORD00533,2023-02-04,C0185,ST01,E017,Completed
ORD00534,2023-05-26,C0366,ST02,E008,Completed
ORD00535,2023-04-20,C0315,ST04,E015,Completed
ORD00536,2024-05-10,C0196,ST04,E011,Completed
ORD00537,2024-01-30,C0055,ST05,E006,Completed
ORD00538,2023-05-20,C0073,ST06,E005,Completed
ORD00539,2024-01-24,C0096,ST07,E024,Completed
ORD00540,2024-03-04,C0384,ST04,E035,Completed
ORD00541,2023-02-22,C0123,ST07,E007,Completed
ORD00542,2024-04-26,C0254,ST07,E024,Completed
ORD00543,2023-02-18,C0123,ST07,E024,Completed
ORD00544,2023-07-26,C0348,ST04,E010,Completed
ORD00545,2023-04-14,C0298,ST08,E031,Completed
ORD00546,2024-03-06,C0054,ST06,E018,Completed
ORD00547,2023-12-12,C0077,ST06,E018,Completed
ORD00548,2024-02-03,C0308,ST02,E008,Completed
ORD00549,2024-06-17,C0418,ST04,E012,Completed
ORD00550,2024-03-29,C0286,ST01,E026,Completed
ORD00551,2024-06-08,C0015,ST04,E035,Completed
ORD00552,2023-01-31,C0231,ST06,E005,Completed
ORD00553,2024-04-25,C0338,ST02,E008,Completed
ORD00554,2023-09-11,C0157,ST06,E032,Completed
ORD00555,2024-08-09,C0358,ST07,E003,Completed
ORD00556,2023-10-08,C0137,ST04,E033,Completed
ORD00557,2024-01-31,C0195,ST05,E019,Completed
ORD00558,2023-03-17,C0323,ST08,E023,Completed
ORD00559,2023-07-28,C0422,ST05,E019,Completed
ORD00560,2023-01-26,C0130,ST03,E009,Completed
ORD00561,2023-02-07,C0379,ST01,E016,Completed
ORD00562,2024-01-13,C0269,ST04,E035,Completed
ORD00563,2023-03-16,C0498,ST07,E014,Returned
ORD00564,2023-12-28,C0490,ST04,E011,Completed
ORD00565,2023-06-25,C0464,ST02,E008,Completed
ORD00566,2023-05-28,C0162,ST05,E037,Completed
ORD00567,2024-08-01,C0048,ST05,E037,Completed
ORD00568,2023-10-10,C0083,ST04,E033,Completed
ORD00569,2023-03-05,C0324,ST06,E018,Completed
ORD00570,2024-03-17,C0350,ST02,E008,Completed
ORD00571,2024-06-09,C0055,ST06,E027,Completed
ORD00572,2024-08-19,C0343,ST08,E001,Returned
ORD00573,2024-04-17,C0164,ST05,E021,Returned
ORD00574,2024-03-19,C0271,ST08,E020,Completed
ORD00575,2023-09-14,C0323,ST08,E023,Completed
ORD00576,2024-02-28,C0275,ST01,E026,Completed
ORD00577,2023-07-05,C0445,ST04,E035,Completed
ORD00578,2024-06-14,C0461,ST03,E004,Completed
ORD00579,2024-02-13,C0136,ST08,E020,Cancelled
ORD00580,2024-08-16,C0498,ST02,E008,Completed
ORD00581,2024-06-02,C0385,ST01,E016,Completed
ORD00582,2023-07-03,C0240,ST06,E005,Completed
ORD00583,2023-10-09,C0211,ST01,E017,Completed
ORD00584,2023-03-01,C0247,ST07,E003,Completed
ORD00585,2023-05-09,C0399,ST04,E011,Completed
ORD00586,2024-06-18,C0008,ST07,E003,Completed
ORD00587,2024-02-12,C0323,ST04,E011,Completed
ORD00588,2023-01-31,C0244,ST07,E014,Completed
ORD00589,2024-04-28,C0399,ST06,E005,Completed
ORD00590,2024-06-12,C0179,ST06,E039,Completed
ORD00591,2023-10-11,C0280,ST07,E024,Completed
ORD00592,2023-06-13,C0279,ST08,E002,Completed
ORD00593,2024-05-13,C0286,ST07,E014,Completed
ORD00594,2023-07-07,C0056,ST05,E022,Completed
ORD00595,2024-04-13,C0368,ST08,E029,Cancelled
ORD00596,2023-10-24,C0086,ST04,E011,Completed
ORD00597,2024-07-23,C0371,ST03,E004,Returned
ORD00598,2024-03-29,C0442,ST03,E009,Completed
ORD00599,2023-03-30,C0254,ST07,E024,Completed
ORD00600,2024-06-17,C0435,ST01,E026,Completed
ORD00601,2023-03-10,C0116,ST01,E036,Completed
ORD00602,2023-09-16,C0401,ST08,E031,Completed
ORD00603,2023-02-19,C0185,ST01,E013,Completed
ORD00604,2023-08-03,C0080,ST07,E014,Completed
ORD00605,2023-06-10,C0401,ST02,E008,Completed
ORD00606,2024-01-19,C0041,ST02,E008,Completed
ORD00607,2023-05-21,C0152,ST03,E009,Completed
ORD00608,2024-03-15,C0031,ST05,E006,Completed
ORD00609,2023-05-16,C0191,ST07,E014,Completed
ORD00610,2024-03-09,C0346,ST06,E005,Completed
ORD00611,2023-05-07,C0368,ST02,E008,Completed
ORD00612,2023-05-15,C0207,ST03,E028,Completed
ORD00613,2023-09-19,C0497,ST06,E032,Completed
ORD00614,2024-03-15,C0044,ST04,E011,Completed
ORD00615,2024-07-16,C0253,ST03,E009,Completed
ORD00616,2024-01-05,C0254,ST06,E039,Completed
ORD00617,2024-07-06,C0225,ST06,E040,Completed
ORD00618,2023-11-17,C0223,ST01,E016,Completed
ORD00619,2024-07-21,C0088,ST03,E009,Completed
ORD00620,2023-07-26,C0079,ST08,E029,Completed
ORD00621,2023-02-04,C0243,ST07,E024,Completed
ORD00622,2023-04-13,C0499,ST03,E009,Completed
ORD00623,2023-03-24,C0464,ST08,E029,Completed
ORD00624,2023-12-19,C0351,ST04,E035,Completed
ORD00625,2023-09-26,C0095,ST08,E031,Completed
ORD00626,2023-01-29,C0401,ST07,E007,Completed
ORD00627,2023-03-14,C0159,ST03,E028,Completed
ORD00628,2023-04-28,C0229,ST06,E005,Completed
ORD00629,2024-03-29,C0379,ST05,E022,Completed
ORD00630,2024-02-14,C0488,ST05,E037,Completed
ORD00631,2024-03-28,C0204,ST08,E023,Returned
ORD00632,2024-06-21,C0463,ST02,E008,Completed
ORD00633,2024-07-23,C0010,ST06,E018,Completed
ORD00634,2023-11-04,C0231,ST06,E040,Completed
ORD00635,2024-02-02,C0251,ST06,E018,Completed
ORD00636,2023-05-24,C0114,ST06,E032,Completed
ORD00637,2023-12-21,C0412,ST03,E009,Completed
ORD00638,2023-04-29,C0030,ST05,E021,Completed
ORD00639,2024-08-06,C0232,ST01,E036,Completed
ORD00640,2024-04-27,C0429,ST07,E007,Completed
ORD00641,2023-09-07,C0079,ST08,E023,Completed
ORD00642,2023-09-27,C0025,ST07,E014,Completed
ORD00643,2023-10-01,C0001,ST04,E010,Completed
ORD00644,2023-12-20,C0140,ST07,E014,Completed
ORD00645,2024-05-09,C0392,ST06,E039,Completed
ORD00646,2023-08-31,C0433,ST04,E010,Completed
ORD00647,2023-04-18,C0303,ST02,E008,Completed
ORD00648,2024-02-08,C0444,ST03,E004,Completed
ORD00649,2023-01-05,C0141,ST06,E039,Completed
ORD00650,2023-06-15,C0134,ST08,E029,Completed
ORD00651,2024-08-21,C0122,ST03,E004,Completed
ORD00652,2024-02-17,C0162,ST06,E040,Completed
ORD00653,2023-05-10,C0308,ST04,E015,Completed
ORD00654,2024-08-15,C0188,ST05,E021,Completed
ORD00655,2023-09-16,C0150,ST04,E015,Completed
ORD00656,2023-06-04,C0037,ST06,E040,Completed
ORD00657,2023-11-15,C0262,ST01,E016,Completed
ORD00658,2024-02-04,C0493,ST06,E039,Completed
ORD00659,2024-07-16,C0181,ST05,E006,Cancelled
ORD00660,2023-04-09,C0200,ST04,E030,Completed
ORD00661,2023-06-07,C0499,ST02,E008,Completed
ORD00662,2023-01-30,C0463,ST06,E040,Completed
ORD00663,2024-06-12,C0302,ST01,E017,Completed
ORD00664,2023-08-14,C0206,ST02,E008,Completed
ORD00665,2023-10-20,C0421,ST07,E003,Completed
ORD00666,2024-08-20,C0490,ST06,E040,Completed
ORD00667,2024-06-18,C0280,ST05,E021,Completed
ORD00668,2023-11-09,C0118,ST08,E020,Completed
ORD00669,2024-05-06,C0212,ST01,E017,Completed
ORD00670,2024-05-05,C0344,ST01,E016,Completed
ORD00671,2023-08-11,C0469,ST05,E019,Completed
ORD00672,2023-12-22,C0257,ST02,E008,Completed
ORD00673,2024-08-14,C0229,ST02,E008,Completed
ORD00674,2023-01-10,C0001,ST06,E018,Completed
ORD00675,2024-03-09,C0473,ST02,E008,Completed
ORD00676,2023-07-17,C0398,ST02,E008,Completed
ORD00677,2024-02-23,C0139,ST05,E022,Completed
ORD00678,2023-01-01,C0088,ST05,E006,Completed
ORD00679,2023-12-16,C0485,ST07,E007,Completed
ORD00680,2024-04-30,C0203,ST03,E028,Completed
ORD00681,2023-06-14,C0105,ST06,E040,Completed
ORD00682,2024-04-11,C0458,ST01,E026,Completed
ORD00683,2023-03-23,C0126,ST02,E008,Returned
ORD00684,2023-06-10,C0489,ST03,E004,Completed
ORD00685,2023-02-14,C0146,ST08,E029,Completed
ORD00686,2024-05-12,C0403,ST02,E008,Completed
ORD00687,2023-05-26,C0364,ST06,E005,Completed
ORD00688,2023-01-01,C0486,ST01,E016,Completed
ORD00689,2023-12-28,C0249,ST05,E021,Completed
ORD00690,2024-05-28,C0040,ST08,E031,Completed
ORD00691,2023-02-23,C0413,ST07,E007,Completed
ORD00692,2023-03-13,C0434,ST06,E039,Returned
ORD00693,2023-01-17,C0210,ST05,E037,Completed
ORD00694,2023-06-07,C0401,ST08,E002,Completed
ORD00695,2024-02-29,C0467,ST03,E009,Completed
ORD00696,2023-10-21,C0134,ST07,E024,Completed
ORD00697,2023-08-11,C0496,ST02,E008,Completed
ORD00698,2023-03-25,C0148,ST02,E008,Completed
ORD00699,2024-01-24,C0365,ST07,E024,Completed
ORD00700,2024-06-26,C0055,ST04,E033,Cancelled
ORD00701,2023-04-26,C0153,ST06,E018,Completed
ORD00702,2023-07-15,C0318,ST04,E010,Completed
ORD00703,2023-03-19,C0044,ST06,E040,Completed
ORD00704,2024-05-09,C0155,ST02,E008,Completed
ORD00705,2023-03-09,C0004,ST05,E019,Completed
ORD00706,2024-06-16,C0194,ST01,E026,Completed
ORD00707,2024-01-24,C0343,ST03,E004,Completed
ORD00708,2023-05-01,C0406,ST05,E019,Completed
ORD00709,2023-08-10,C0158,ST03,E004,Completed
ORD00710,2023-04-07,C0096,ST08,E031,Completed
ORD00711,2024-07-07,C0413,ST03,E009,Completed
ORD00712,2023-02-02,C0291,ST02,E008,Completed
ORD00713,2024-08-17,C0492,ST07,E024,Completed
ORD00714,2024-04-11,C0354,ST01,E013,Completed
ORD00715,2024-07-22,C0047,ST02,E008,Completed
ORD00716,2023-02-03,C0474,ST07,E003,Completed
ORD00717,2023-11-03,C0012,ST08,E023,Completed
ORD00718,2024-07-20,C0468,ST06,E039,Completed
ORD00719,2023-12-28,C0495,ST05,E019,Completed
ORD00720,2023-07-20,C0087,ST05,E019,Completed
ORD00721,2023-01-19,C0379,ST06,E027,Completed
ORD00722,2023-10-11,C0166,ST08,E023,Completed
ORD00723,2023-08-25,C0286,ST07,E003,Completed
ORD00724,2024-05-09,C0370,ST08,E001,Completed
ORD00725,2023-04-28,C0179,ST04,E033,Completed
ORD00726,2023-11-03,C0102,ST07,E014,Completed
ORD00727,2024-07-17,C0204,ST07,E007,Completed
ORD00728,2023-08-14,C0095,ST07,E014,Completed
ORD00729,2023-09-18,C0439,ST02,E008,Returned
ORD00730,2023-05-29,C0247,ST03,E004,Completed
ORD00731,2023-06-09,C0061,ST03,E009,Completed
ORD00732,2024-01-31,C0280,ST05,E022,Completed
ORD00733,2023-10-10,C0121,ST06,E027,Completed
ORD00734,2023-02-28,C0104,ST07,E014,Completed
ORD00735,2023-04-28,C0294,ST01,E016,Completed
ORD00736,2024-01-21,C0090,ST03,E028,Completed
ORD00737,2023-09-14,C0497,ST04,E011,Completed
ORD00738,2024-06-02,C0179,ST02,E008,Completed
ORD00739,2023-07-03,C0450,ST04,E011,Completed
ORD00740,2024-07-17,C0283,ST01,E016,Completed
ORD00741,2023-12-31,C0157,ST05,E038,Completed
ORD00742,2023-03-09,C0370,ST06,E040,Returned
ORD00743,2023-12-02,C0397,ST07,E007,Completed
ORD00744,2024-02-17,C0048,ST03,E009,Completed
ORD00745,2023-04-13,C0341,ST03,E028,Completed
ORD00746,2023-06-25,C0403,ST01,E017,Completed
ORD00747,2024-01-29,C0308,ST06,E039,Completed
ORD00748,2023-05-09,C0480,ST01,E017,Completed
ORD00749,2023-09-23,C0247,ST01,E016,Completed
ORD00750,2023-04-14,C0404,ST08,E031,Completed
ORD00751,2024-08-07,C0015,ST04,E035,Completed
ORD00752,2024-01-07,C0194,ST03,E028,Completed
ORD00753,2023-11-18,C0469,ST08,E001,Completed
ORD00754,2023-03-30,C0333,ST07,E007,Completed
ORD00755,2023-09-23,C0083,ST08,E025,Completed
ORD00756,2024-01-14,C0484,ST08,E023,Completed
ORD00757,2023-02-05,C0033,ST06,E005,Completed
ORD00758,2023-06-06,C0065,ST08,E023,Completed
ORD00759,2023-12-01,C0476,ST07,E003,Completed
ORD00760,2024-03-09,C0156,ST04,E033,Completed
ORD00761,2023-06-12,C0078,ST06,E018,Returned
ORD00762,2023-06-15,C0378,ST07,E003,Completed
ORD00763,2023-05-08,C0124,ST06,E040,Completed
ORD00764,2023-01-09,C0072,ST04,E030,Completed
ORD00765,2024-03-17,C0335,ST02,E008,Completed
ORD00766,2024-07-04,C0146,ST05,E022,Completed
ORD00767,2024-07-22,C0065,ST02,E008,Completed
ORD00768,2023-08-15,C0480,ST01,E026,Completed
ORD00769,2023-02-21,C0232,ST02,E008,Cancelled
ORD00770,2023-06-04,C0414,ST07,E014,Completed
ORD00771,2023-06-21,C0329,ST03,E028,Completed
ORD00772,2023-10-26,C0237,ST08,E025,Completed
ORD00773,2023-04-14,C0225,ST07,E003,Completed
ORD00774,2024-03-17,C0016,ST02,E008,Completed
ORD00775,2023-04-03,C0008,ST04,E035,Completed
ORD00776,2024-05-28,C0243,ST03,E009,Completed
ORD00777,2024-06-30,C0148,ST04,E035,Completed
ORD00778,2024-07-31,C0226,ST04,E011,Completed
ORD00779,2024-03-08,C0423,ST07,E007,Completed
ORD00780,2024-03-28,C0342,ST01,E013,Completed
ORD00781,2023-10-28,C0085,ST04,E035,Completed
ORD00782,2024-06-01,C0081,ST01,E026,Completed
ORD00783,2023-09-02,C0111,ST02,E008,Completed
ORD00784,2023-04-21,C0260,ST07,E007,Completed
ORD00785,2024-07-26,C0425,ST04,E030,Completed
ORD00786,2023-04-12,C0150,ST01,E016,Completed
ORD00787,2024-02-20,C0412,ST05,E021,Completed
ORD00788,2024-08-20,C0467,ST05,E021,Completed
ORD00789,2023-07-19,C0165,ST08,E001,Completed
ORD00790,2024-05-26,C0278,ST01,E036,Completed
ORD00791,2023-06-11,C0095,ST05,E006,Completed
ORD00792,2023-09-27,C0260,ST04,E011,Completed
ORD00793,2023-07-19,C0484,ST03,E028,Completed
ORD00794,2023-01-30,C0016,ST03,E028,Completed
ORD00795,2023-06-07,C0128,ST08,E002,Completed
ORD00796,2024-03-10,C0139,ST03,E009,Completed
ORD00797,2023-06-19,C0136,ST01,E016,Completed
ORD00798,2023-03-22,C0314,ST01,E036,Completed
ORD00799,2023-03-19,C0163,ST03,E028,Completed
ORD00800,2023-05-02,C0495,ST06,E032,Completed
ORD00801,2023-08-26,C0349,ST08,E031,Completed
ORD00802,2023-02-08,C0403,ST06,E027,Completed
ORD00803,2023-05-21,C0264,ST03,E009,Completed
ORD00804,2023-02-22,C0390,ST04,E035,Completed
ORD00805,2023-10-24,C0283,ST08,E029,Completed
ORD00806,2023-11-29,C0305,ST03,E009,Completed
ORD00807,2024-01-02,C0172,ST04,E011,Completed
ORD00808,2023-05-15,C0273,ST04,E012,Completed
ORD00809,2023-11-24,C0287,ST07,E007,Completed
ORD00810,2024-08-21,C0262,ST03,E028,Completed
ORD00811,2024-06-02,C0199,ST06,E027,Completed
ORD00812,2023-07-23,C0083,ST08,E031,Completed
ORD00813,2023-05-22,C0315,ST04,E011,Completed
ORD00814,2023-04-21,C0267,ST07,E024,Completed
ORD00815,2024-03-12,C0085,ST05,E037,Completed
ORD00816,2023-03-03,C0107,ST03,E009,Completed
ORD00817,2023-06-26,C0108,ST08,E020,Returned
ORD00818,2024-04-14,C0304,ST03,E009,Returned
ORD00819,2023-02-11,C0040,ST06,E018,Completed
ORD00820,2023-10-19,C0432,ST08,E025,Completed
ORD00821,2023-02-08,C0226,ST03,E028,Completed
ORD00822,2024-01-02,C0209,ST08,E023,Completed
ORD00823,2023-05-04,C0365,ST02,E008,Completed
ORD00824,2024-06-17,C0083,ST06,E040,Completed
ORD00825,2024-03-04,C0277,ST04,E030,Completed
ORD00826,2023-12-15,C0381,ST03,E028,Completed
ORD00827,2023-02-11,C0364,ST08,E031,Completed
ORD00828,2024-04-28,C0350,ST01,E016,Completed
ORD00829,2023-10-31,C0254,ST06,E040,Completed
ORD00830,2023-10-08,C0199,ST03,E028,Completed
ORD00831,2023-12-13,C0061,ST07,E014,Completed
ORD00832,2024-02-09,C0157,ST01,E016,Completed
ORD00833,2023-06-03,C0262,ST02,E008,Completed
ORD00834,2024-06-21,C0039,ST03,E004,Completed
ORD00835,2023-06-28,C0322,ST04,E010,Completed
ORD00836,2023-05-31,C0479,ST08,E034,Completed
ORD00837,2023-09-06,C0098,ST08,E029,Completed
ORD00838,2024-08-16,C0458,ST04,E015,Completed
ORD00839,2023-12-07,C0293,ST05,E006,Completed
ORD00840,2023-01-27,C0064,ST02,E008,Completed
ORD00841,2023-09-22,C0355,ST07,E007,Completed
ORD00842,2023-04-23,C0237,ST07,E007,Returned
ORD00843,2023-12-15,C0416,ST01,E036,Completed
ORD00844,2023-07-08,C0042,ST02,E008,Completed
ORD00845,2023-09-24,C0372,ST03,E009,Returned
ORD00846,2024-08-15,C0007,ST06,E039,Completed
ORD00847,2023-07-06,C0182,ST04,E011,Completed
ORD00848,2024-04-19,C0491,ST04,E011,Completed
ORD00849,2023-10-03,C0062,ST01,E026,Completed
ORD00850,2023-04-16,C0252,ST02,E008,Completed
ORD00851,2024-04-12,C0390,ST02,E008,Completed
ORD00852,2024-06-01,C0352,ST05,E022,Completed
ORD00853,2023-08-13,C0246,ST01,E016,Completed
ORD00854,2023-10-30,C0425,ST01,E013,Completed
ORD00855,2024-01-03,C0050,ST01,E016,Completed
ORD00856,2024-04-03,C0250,ST05,E022,Completed
ORD00857,2023-09-12,C0445,ST07,E024,Completed
ORD00858,2024-01-12,C0142,ST04,E035,Completed
ORD00859,2024-02-17,C0042,ST05,E006,Completed
ORD00860,2024-01-23,C0100,ST07,E024,Completed
ORD00861,2024-05-01,C0061,ST04,E011,Completed
ORD00862,2024-02-25,C0012,ST04,E035,Cancelled
ORD00863,2023-05-11,C0038,ST05,E037,Completed
ORD00864,2023-07-04,C0129,ST03,E009,Completed
ORD00865,2024-03-30,C0270,ST03,E009,Completed
ORD00866,2024-07-21,C0095,ST05,E019,Completed
ORD00867,2024-03-31,C0112,ST01,E013,Completed
ORD00868,2023-12-27,C0035,ST08,E034,Completed
ORD00869,2023-09-02,C0269,ST06,E027,Completed
ORD00870,2023-12-15,C0068,ST08,E020,Completed
ORD00871,2023-04-15,C0104,ST02,E008,Completed
ORD00872,2024-08-21,C0463,ST07,E024,Completed
ORD00873,2024-01-16,C0103,ST07,E007,Completed
ORD00874,2023-12-16,C0121,ST07,E007,Completed
ORD00875,2023-08-11,C0235,ST07,E014,Completed
ORD00876,2023-10-15,C0491,ST07,E014,Completed
ORD00877,2023-10-17,C0276,ST05,E006,Completed
ORD00878,2023-04-12,C0323,ST05,E038,Completed
ORD00879,2023-04-29,C0296,ST01,E013,Completed
ORD00880,2023-05-31,C0461,ST04,E033,Completed
ORD00881,2023-04-07,C0072,ST05,E019,Completed
ORD00882,2023-01-31,C0278,ST08,E029,Completed
ORD00883,2023-11-01,C0322,ST06,E027,Completed
ORD00884,2023-10-23,C0173,ST01,E026,Completed
ORD00885,2023-11-26,C0221,ST04,E033,Completed
ORD00886,2023-07-31,C0175,ST05,E021,Completed
ORD00887,2023-08-03,C0267,ST08,E031,Completed
ORD00888,2024-08-05,C0440,ST07,E014,Completed
ORD00889,2023-04-06,C0127,ST04,E010,Completed
ORD00890,2024-02-20,C0443,ST02,E008,Cancelled
ORD00891,2023-02-10,C0237,ST05,E037,Completed
ORD00892,2024-02-21,C0241,ST01,E013,Completed
ORD00893,2024-04-10,C0265,ST08,E023,Completed
ORD00894,2023-02-12,C0123,ST03,E009,Completed
ORD00895,2023-08-12,C0255,ST07,E007,Completed
ORD00896,2023-07-10,C0368,ST06,E005,Completed
ORD00897,2023-03-21,C0197,ST02,E008,Completed
ORD00898,2023-03-07,C0040,ST04,E015,Completed
ORD00899,2023-11-27,C0162,ST01,E026,Completed
ORD00900,2024-05-07,C0389,ST07,E024,Completed
ORD00901,2024-05-15,C0297,ST08,E031,Completed
ORD00902,2023-10-18,C0163,ST07,E014,Completed
ORD00903,2023-10-09,C0249,ST01,E017,Cancelled
ORD00904,2023-08-12,C0030,ST06,E032,Completed
ORD00905,2024-06-22,C0317,ST08,E023,Completed
ORD00906,2023-06-23,C0393,ST03,E028,Completed
ORD00907,2024-02-29,C0326,ST04,E033,Completed
ORD00908,2023-05-01,C0498,ST04,E012,Returned
ORD00909,2023-07-17,C0022,ST06,E027,Completed
ORD00910,2024-07-10,C0294,ST08,E029,Completed
ORD00911,2024-01-11,C0389,ST07,E007,Completed
ORD00912,2023-02-19,C0299,ST03,E028,Completed
ORD00913,2023-07-16,C0201,ST05,E021,Completed
ORD00914,2023-09-29,C0410,ST07,E024,Completed
ORD00915,2023-04-08,C0026,ST03,E009,Completed
ORD00916,2024-02-11,C0134,ST01,E017,Completed
ORD00917,2023-01-20,C0246,ST02,E008,Returned
ORD00918,2024-03-25,C0492,ST06,E005,Completed
ORD00919,2024-05-17,C0310,ST05,E038,Completed
ORD00920,2024-07-01,C0227,ST02,E008,Completed
ORD00921,2023-01-27,C0164,ST01,E026,Completed
ORD00922,2023-04-03,C0430,ST08,E034,Completed
ORD00923,2023-09-21,C0465,ST06,E040,Completed
ORD00924,2023-03-29,C0177,ST08,E023,Completed
ORD00925,2023-02-18,C0202,ST06,E032,Completed
ORD00926,2023-02-27,C0249,ST01,E036,Completed
ORD00927,2023-04-14,C0455,ST05,E038,Completed
ORD00928,2023-10-08,C0458,ST06,E027,Cancelled
ORD00929,2023-07-28,C0303,ST02,E008,Completed
ORD00930,2023-06-01,C0472,ST07,E024,Completed
ORD00931,2023-03-10,C0182,ST08,E001,Completed
ORD00932,2024-07-29,C0141,ST03,E028,Completed
ORD00933,2023-05-16,C0006,ST01,E017,Completed
ORD00934,2023-07-21,C0106,ST04,E015,Completed
ORD00935,2023-01-10,C0340,ST08,E023,Completed
ORD00936,2023-01-12,C0195,ST03,E028,Completed
ORD00937,2023-11-10,C0334,ST07,E003,Completed
ORD00938,2024-04-07,C0315,ST01,E016,Completed
ORD00939,2023-05-14,C0237,ST07,E007,Completed
ORD00940,2023-10-21,C0322,ST04,E015,Completed
ORD00941,2023-11-01,C0077,ST07,E003,Completed
ORD00942,2023-08-11,C0333,ST07,E007,Completed
ORD00943,2024-02-19,C0256,ST08,E002,Completed
ORD00944,2024-02-09,C0308,ST05,E037,Completed
ORD00945,2023-10-23,C0206,ST03,E004,Completed
ORD00946,2024-07-11,C0225,ST05,E006,Completed
ORD00947,2023-04-23,C0335,ST08,E034,Completed
ORD00948,2023-10-09,C0169,ST06,E005,Completed
ORD00949,2023-06-16,C0394,ST08,E023,Cancelled
ORD00950,2024-03-01,C0061,ST08,E025,Completed
ORD00951,2023-07-26,C0316,ST01,E017,Completed
ORD00952,2023-10-29,C0065,ST03,E009,Completed
ORD00953,2024-04-21,C0049,ST08,E034,Completed
ORD00954,2023-12-06,C0159,ST08,E001,Completed
ORD00955,2024-07-20,C0058,ST07,E007,Completed
ORD00956,2023-12-08,C0373,ST03,E004,Completed
ORD00957,2024-08-10,C0083,ST01,E036,Completed
ORD00958,2023-05-23,C0016,ST06,E005,Completed
ORD00959,2024-04-02,C0208,ST01,E026,Completed
ORD00960,2024-05-26,C0089,ST01,E013,Completed
ORD00961,2024-08-14,C0375,ST01,E017,Returned
ORD00962,2023-05-19,C0307,ST02,E008,Completed
ORD00963,2023-06-23,C0428,ST03,E004,Completed
ORD00964,2024-04-28,C0242,ST07,E007,Completed
ORD00965,2023-06-29,C0482,ST06,E039,Completed
ORD00966,2024-04-24,C0268,ST04,E030,Completed
ORD00967,2023-05-28,C0196,ST03,E004,Completed
ORD00968,2023-07-12,C0439,ST08,E020,Completed
ORD00969,2023-07-13,C0166,ST07,E007,Completed
ORD00970,2024-05-06,C0099,ST08,E029,Completed
ORD00971,2024-02-10,C0245,ST06,E039,Completed
ORD00972,2023-10-24,C0111,ST08,E023,Completed
ORD00973,2023-02-03,C0004,ST01,E017,Completed
ORD00974,2024-07-05,C0283,ST01,E036,Completed
ORD00975,2023-08-16,C0125,ST06,E040,Completed
ORD00976,2024-03-13,C0134,ST06,E039,Completed
ORD00977,2023-08-01,C0497,ST04,E035,Completed
ORD00978,2024-08-21,C0289,ST06,E027,Completed
ORD00979,2024-06-12,C0312,ST06,E018,Completed
ORD00980,2023-03-02,C0004,ST06,E040,Completed
ORD00981,2023-03-13,C0392,ST06,E027,Completed
ORD00982,2023-03-15,C0090,ST02,E008,Completed
ORD00983,2024-04-13,C0333,ST03,E004,Completed
ORD00984,2024-04-08,C0398,ST05,E021,Returned
ORD00985,2023-09-28,C0490,ST04,E012,Completed
ORD00986,2023-07-05,C0190,ST07,E024,Completed
ORD00987,2024-02-15,C0352,ST04,E033,Completed
ORD00988,2024-04-09,C0295,ST02,E008,Completed
ORD00989,2023-05-28,C0331,ST02,E008,Completed
ORD00990,2024-02-17,C0010,ST08,E023,Completed
ORD00991,2024-01-18,C0229,ST02,E008,Completed
ORD00992,2023-09-18,C0248,ST06,E005,Completed
ORD00993,2023-03-24,C0313,ST08,E034,Returned
ORD00994,2024-03-21,C0157,ST06,E005,Completed
ORD00995,2023-04-05,C0281,ST06,E027,Completed
ORD00996,2023-07-13,C0144,ST06,E039,Completed
ORD00997,2024-02-29,C0149,ST04,E011,Completed
ORD00998,2023-08-28,C0131,ST07,E003,Completed
ORD00999,2023-10-02,C0140,ST03,E028,Completed
ORD01000,2024-03-06,C0184,ST01,E013,Completed
ORD01001,2023-01-04,C0020,ST05,E021,Returned
ORD01002,2023-07-15,C0484,ST04,E015,Completed
ORD01003,2023-05-03,C0181,ST04,E011,Returned
ORD01004,2023-04-05,C0459,ST02,E008,Returned
ORD01005,2023-11-23,C0482,ST07,E014,Completed
ORD01006,2024-04-16,C0185,ST03,E028,Completed
ORD01007,2023-03-23,C0480,ST01,E016,Completed
ORD01008,2023-03-17,C0160,ST06,E032,Completed
ORD01009,2023-06-11,C0132,ST02,E008,Completed
ORD01010,2023-02-05,C0473,ST04,E033,Completed
ORD01011,2024-04-26,C0039,ST01,E016,Cancelled
ORD01012,2023-03-25,C0020,ST03,E028,Completed
ORD01013,2024-04-14,C0438,ST08,E002,Completed
ORD01014,2023-08-20,C0153,ST03,E028,Completed
ORD01015,2024-06-30,C0143,ST01,E036,Completed
ORD01016,2023-06-23,C0330,ST07,E007,Returned
ORD01017,2023-07-23,C0307,ST01,E017,Completed
ORD01018,2024-07-12,C0015,ST04,E011,Returned
ORD01019,2023-09-26,C0214,ST06,E018,Completed
ORD01020,2023-01-10,C0185,ST05,E022,Completed
ORD01021,2024-01-06,C0192,ST02,E008,Completed
ORD01022,2023-03-25,C0019,ST07,E024,Completed
ORD01023,2024-07-10,C0157,ST06,E039,Completed
ORD01024,2023-06-11,C0370,ST04,E035,Completed
ORD01025,2023-12-19,C0306,ST05,E021,Completed
ORD01026,2023-03-11,C0137,ST04,E033,Completed
ORD01027,2024-06-06,C0424,ST02,E008,Completed
ORD01028,2023-09-09,C0141,ST01,E036,Completed
ORD01029,2024-06-25,C0485,ST04,E033,Completed
ORD01030,2023-03-15,C0199,ST04,E033,Completed
ORD01031,2023-08-01,C0152,ST02,E008,Returned
ORD01032,2024-06-15,C0416,ST05,E022,Completed
ORD01033,2023-06-03,C0420,ST08,E023,Completed
ORD01034,2024-05-15,C0487,ST03,E004,Returned
ORD01035,2024-06-16,C0017,ST05,E022,Completed
ORD01036,2023-04-14,C0191,ST02,E008,Completed
ORD01037,2023-11-03,C0418,ST02,E008,Completed
ORD01038,2024-05-20,C0051,ST01,E017,Completed
ORD01039,2024-06-26,C0460,ST05,E021,Completed
ORD01040,2024-08-04,C0125,ST05,E006,Completed
ORD01041,2023-02-04,C0342,ST04,E010,Completed
ORD01042,2024-02-13,C0268,ST05,E037,Completed
ORD01043,2023-10-12,C0415,ST02,E008,Completed
ORD01044,2023-03-02,C0101,ST04,E030,Completed
ORD01045,2023-12-29,C0491,ST06,E039,Completed
ORD01046,2023-12-09,C0365,ST03,E004,Completed
ORD01047,2023-04-23,C0464,ST07,E024,Completed
ORD01048,2024-05-06,C0198,ST06,E027,Completed
ORD01049,2023-02-04,C0293,ST02,E008,Cancelled
ORD01050,2024-02-10,C0287,ST04,E010,Completed
ORD01051,2024-05-06,C0006,ST04,E010,Completed
ORD01052,2024-08-07,C0020,ST03,E028,Returned
ORD01053,2023-06-18,C0411,ST02,E008,Completed
ORD01054,2023-07-21,C0424,ST06,E039,Completed
ORD01055,2024-07-23,C0158,ST04,E015,Completed
ORD01056,2024-02-24,C0449,ST04,E010,Completed
ORD01057,2023-12-09,C0021,ST06,E018,Completed
ORD01058,2023-01-23,C0483,ST01,E016,Completed
ORD01059,2023-04-07,C0146,ST01,E017,Completed
ORD01060,2023-01-26,C0304,ST08,E002,Completed
ORD01061,2024-03-22,C0369,ST03,E004,Completed
ORD01062,2024-02-20,C0457,ST05,E038,Completed
ORD01063,2024-03-25,C0261,ST05,E019,Completed
ORD01064,2023-07-27,C0018,ST03,E028,Completed
ORD01065,2023-05-05,C0248,ST07,E014,Completed
ORD01066,2023-03-08,C0137,ST08,E025,Completed
ORD01067,2023-06-01,C0183,ST03,E028,Completed
ORD01068,2023-04-08,C0271,ST04,E033,Completed
ORD01069,2023-10-09,C0183,ST06,E027,Completed
ORD01070,2024-03-28,C0332,ST01,E013,Completed
ORD01071,2023-09-19,C0066,ST04,E011,Completed
ORD01072,2023-03-13,C0477,ST05,E021,Completed
ORD01073,2023-01-17,C0136,ST01,E017,Completed
ORD01074,2023-08-24,C0148,ST05,E037,Completed
ORD01075,2024-05-03,C0231,ST04,E035,Completed
ORD01076,2024-01-01,C0335,ST07,E003,Completed
ORD01077,2023-03-04,C0347,ST08,E034,Completed
ORD01078,2023-03-03,C0218,ST02,E008,Completed
ORD01079,2023-11-16,C0314,ST03,E004,Completed
ORD01080,2024-03-30,C0456,ST05,E006,Completed
ORD01081,2023-10-28,C0136,ST05,E019,Completed
ORD01082,2023-03-20,C0389,ST05,E006,Completed
ORD01083,2023-10-24,C0424,ST05,E019,Completed
ORD01084,2023-01-23,C0146,ST05,E037,Completed
ORD01085,2024-05-28,C0377,ST01,E016,Completed
ORD01086,2023-07-18,C0225,ST05,E038,Completed
ORD01087,2023-06-14,C0298,ST06,E039,Completed
ORD01088,2024-05-01,C0191,ST05,E037,Returned
ORD01089,2023-08-11,C0278,ST05,E019,Completed
ORD01090,2024-05-06,C0321,ST02,E008,Completed
ORD01091,2023-03-06,C0327,ST01,E026,Completed
ORD01092,2024-02-07,C0174,ST05,E021,Completed
ORD01093,2023-06-25,C0482,ST08,E020,Completed
ORD01094,2023-09-06,C0117,ST07,E024,Completed
ORD01095,2023-05-13,C0128,ST04,E012,Completed
ORD01096,2023-08-25,C0453,ST02,E008,Completed
ORD01097,2023-12-01,C0459,ST01,E026,Completed
ORD01098,2024-08-03,C0299,ST03,E009,Completed
ORD01099,2024-05-24,C0012,ST06,E040,Completed
ORD01100,2023-04-12,C0369,ST07,E014,Completed
ORD01101,2024-02-14,C0060,ST02,E008,Completed
ORD01102,2023-03-12,C0076,ST08,E029,Completed
ORD01103,2023-12-26,C0465,ST08,E001,Completed
ORD01104,2024-08-04,C0026,ST02,E008,Returned
ORD01105,2023-02-15,C0486,ST07,E024,Completed
ORD01106,2024-06-29,C0003,ST07,E024,Completed
ORD01107,2023-03-22,C0031,ST02,E008,Completed
ORD01108,2023-08-14,C0412,ST07,E003,Completed
ORD01109,2023-11-15,C0151,ST01,E013,Returned
ORD01110,2024-03-28,C0175,ST06,E040,Completed
ORD01111,2024-03-24,C0363,ST01,E036,Completed
ORD01112,2023-10-31,C0350,ST01,E017,Completed
ORD01113,2024-06-14,C0014,ST05,E022,Completed
ORD01114,2023-05-25,C0299,ST06,E005,Completed
ORD01115,2023-01-19,C0477,ST02,E008,Completed
ORD01116,2023-11-11,C0242,ST01,E013,Completed
ORD01117,2024-07-10,C0223,ST02,E008,Completed
ORD01118,2023-01-30,C0336,ST06,E040,Completed
ORD01119,2024-01-25,C0382,ST03,E028,Completed
ORD01120,2024-03-14,C0309,ST02,E008,Returned
ORD01121,2023-08-02,C0238,ST03,E004,Completed
ORD01122,2023-08-02,C0260,ST02,E008,Returned
ORD01123,2024-06-04,C0211,ST02,E008,Completed
ORD01124,2024-07-04,C0183,ST03,E004,Completed
ORD01125,2023-12-11,C0108,ST05,E037,Completed
ORD01126,2024-03-25,C0060,ST03,E028,Completed
ORD01127,2024-04-05,C0388,ST04,E010,Completed
ORD01128,2024-03-21,C0023,ST08,E020,Completed
ORD01129,2024-08-18,C0282,ST03,E009,Completed
ORD01130,2023-10-04,C0404,ST02,E008,Completed
ORD01131,2024-02-20,C0252,ST01,E016,Completed
ORD01132,2023-11-13,C0343,ST07,E024,Completed
ORD01133,2023-01-21,C0033,ST08,E029,Completed
ORD01134,2023-09-28,C0216,ST07,E014,Completed
ORD01135,2023-01-07,C0260,ST06,E039,Completed
ORD01136,2023-01-28,C0098,ST07,E003,Completed
ORD01137,2023-08-10,C0060,ST04,E015,Completed
ORD01138,2023-06-17,C0282,ST07,E024,Completed
ORD01139,2023-04-24,C0341,ST02,E008,Completed
ORD01140,2023-07-03,C0156,ST02,E008,Completed
ORD01141,2024-07-16,C0241,ST01,E017,Completed
ORD01142,2023-09-05,C0090,ST03,E009,Completed
ORD01143,2023-12-15,C0309,ST05,E019,Completed
ORD01144,2023-08-18,C0397,ST05,E021,Completed
ORD01145,2024-06-27,C0293,ST01,E013,Completed
ORD01146,2024-03-04,C0369,ST04,E015,Completed
ORD01147,2024-01-08,C0384,ST07,E003,Completed
ORD01148,2023-03-13,C0038,ST06,E018,Returned
ORD01149,2023-03-22,C0413,ST06,E005,Completed
ORD01150,2023-11-29,C0379,ST08,E025,Completed
ORD01151,2023-07-28,C0123,ST06,E040,Completed
ORD01152,2024-03-21,C0193,ST01,E026,Completed
ORD01153,2024-07-06,C0408,ST03,E009,Completed
ORD01154,2023-05-21,C0288,ST07,E007,Completed
ORD01155,2024-07-01,C0372,ST01,E016,Completed
ORD01156,2023-02-23,C0456,ST06,E005,Completed
ORD01157,2023-03-13,C0143,ST06,E032,Completed
ORD01158,2024-01-24,C0049,ST02,E008,Completed
ORD01159,2023-01-07,C0484,ST01,E016,Completed
ORD01160,2024-06-20,C0201,ST08,E025,Completed
ORD01161,2023-04-20,C0377,ST08,E001,Completed
ORD01162,2024-08-12,C0010,ST06,E032,Completed
ORD01163,2024-02-22,C0164,ST01,E026,Completed
ORD01164,2023-05-29,C0436,ST08,E025,Completed
ORD01165,2023-10-05,C0174,ST08,E034,Completed
ORD01166,2023-11-20,C0101,ST06,E032,Completed
ORD01167,2023-08-10,C0351,ST02,E008,Completed
ORD01168,2023-12-11,C0063,ST07,E007,Completed
ORD01169,2023-03-02,C0492,ST08,E029,Returned
ORD01170,2023-11-06,C0268,ST04,E033,Completed
ORD01171,2023-07-12,C0215,ST02,E008,Completed
ORD01172,2023-02-23,C0122,ST03,E028,Completed
ORD01173,2023-08-10,C0043,ST03,E004,Completed
ORD01174,2023-07-17,C0296,ST03,E009,Completed
ORD01175,2024-02-08,C0257,ST05,E021,Completed
ORD01176,2023-08-29,C0375,ST05,E006,Completed
ORD01177,2023-11-22,C0014,ST04,E030,Completed
ORD01178,2024-03-03,C0444,ST03,E004,Completed
ORD01179,2023-10-29,C0406,ST05,E037,Completed
ORD01180,2024-02-24,C0247,ST03,E009,Completed
ORD01181,2024-04-05,C0211,ST01,E017,Completed
ORD01182,2023-02-05,C0447,ST06,E039,Completed
ORD01183,2023-06-03,C0415,ST08,E034,Completed
ORD01184,2024-07-18,C0422,ST04,E015,Completed
ORD01185,2023-09-01,C0357,ST08,E031,Completed
ORD01186,2023-06-17,C0495,ST07,E003,Completed
ORD01187,2024-06-04,C0029,ST06,E032,Completed
ORD01188,2024-04-26,C0025,ST05,E038,Completed
ORD01189,2024-01-25,C0335,ST07,E007,Cancelled
ORD01190,2023-12-24,C0325,ST03,E028,Completed
ORD01191,2023-03-26,C0299,ST03,E028,Completed
ORD01192,2024-05-24,C0443,ST06,E005,Returned
ORD01193,2023-09-13,C0325,ST04,E033,Completed
ORD01194,2023-02-26,C0373,ST06,E032,Completed
ORD01195,2024-02-03,C0361,ST02,E008,Completed
ORD01196,2023-11-06,C0280,ST03,E004,Completed
ORD01197,2024-06-20,C0326,ST05,E037,Completed
ORD01198,2024-08-20,C0423,ST03,E028,Completed
ORD01199,2023-06-04,C0145,ST05,E038,Completed
ORD01200,2023-03-28,C0021,ST05,E038,Completed
ORD01201,2024-08-18,C0266,ST06,E005,Completed
ORD01202,2024-06-13,C0147,ST02,E008,Completed
ORD01203,2023-05-01,C0212,ST04,E012,Completed
ORD01204,2023-05-06,C0178,ST03,E004,Completed
ORD01205,2024-01-30,C0418,ST01,E013,Completed
ORD01206,2024-04-22,C0083,ST01,E017,Completed
ORD01207,2023-12-12,C0282,ST04,E035,Returned
ORD01208,2023-06-12,C0135,ST03,E009,Returned
ORD01209,2024-02-14,C0149,ST06,E040,Completed
ORD01210,2023-08-18,C0045,ST01,E016,Returned
ORD01211,2024-01-04,C0235,ST07,E003,Completed
ORD01212,2023-01-26,C0172,ST02,E008,Completed
ORD01213,2024-02-18,C0301,ST08,E002,Completed
ORD01214,2023-08-28,C0038,ST04,E015,Completed
ORD01215,2023-11-11,C0057,ST02,E008,Completed
ORD01216,2023-08-05,C0031,ST05,E022,Completed
ORD01217,2024-04-19,C0429,ST08,E020,Completed
ORD01218,2023-05-24,C0490,ST01,E036,Completed
ORD01219,2023-12-08,C0212,ST04,E012,Completed
ORD01220,2024-04-12,C0397,ST07,E003,Completed
ORD01221,2024-08-22,C0024,ST08,E034,Completed
ORD01222,2024-02-17,C0211,ST03,E004,Returned
ORD01223,2023-05-01,C0244,ST03,E028,Completed
ORD01224,2023-05-17,C0258,ST06,E032,Completed
ORD01225,2023-06-30,C0056,ST03,E009,Completed
ORD01226,2023-01-31,C0307,ST03,E004,Completed
ORD01227,2023-08-29,C0136,ST08,E031,Completed
ORD01228,2023-09-19,C0217,ST08,E025,Completed
ORD01229,2024-03-27,C0117,ST01,E036,Completed
ORD01230,2024-06-08,C0105,ST06,E032,Completed
ORD01231,2024-08-15,C0389,ST07,E014,Completed
ORD01232,2024-01-23,C0003,ST07,E007,Completed
ORD01233,2024-08-11,C0264,ST01,E026,Completed
ORD01234,2023-08-01,C0473,ST04,E010,Completed
ORD01235,2023-07-07,C0097,ST01,E013,Completed
ORD01236,2023-03-16,C0165,ST03,E028,Completed
ORD01237,2023-12-18,C0103,ST06,E032,Completed
ORD01238,2023-11-15,C0219,ST05,E037,Completed
ORD01239,2023-09-29,C0394,ST04,E010,Completed
ORD01240,2024-02-12,C0378,ST07,E007,Completed
ORD01241,2023-03-10,C0314,ST02,E008,Returned
ORD01242,2024-03-07,C0243,ST07,E024,Completed
ORD01243,2023-06-11,C0128,ST02,E008,Completed
ORD01244,2024-02-08,C0133,ST02,E008,Completed
ORD01245,2023-12-25,C0336,ST07,E024,Completed
ORD01246,2023-09-10,C0262,ST04,E011,Completed
ORD01247,2023-11-02,C0398,ST01,E017,Completed
ORD01248,2024-02-03,C0332,ST07,E007,Completed
ORD01249,2024-05-15,C0294,ST08,E001,Completed
ORD01250,2024-03-18,C0158,ST01,E026,Completed
ORD01251,2023-03-26,C0351,ST08,E001,Completed
ORD01252,2024-06-17,C0353,ST08,E020,Cancelled
ORD01253,2023-06-10,C0023,ST02,E008,Completed
ORD01254,2023-03-08,C0309,ST05,E019,Completed
ORD01255,2023-05-15,C0176,ST01,E017,Completed
ORD01256,2023-12-15,C0233,ST03,E004,Completed
ORD01257,2023-07-20,C0095,ST07,E007,Completed
ORD01258,2024-05-03,C0085,ST08,E025,Completed
ORD01259,2023-03-12,C0383,ST06,E032,Returned
ORD01260,2023-10-04,C0084,ST07,E024,Completed
ORD01261,2023-08-21,C0235,ST06,E005,Completed
ORD01262,2024-04-10,C0198,ST07,E014,Completed
ORD01263,2023-06-19,C0093,ST03,E009,Returned
ORD01264,2024-03-14,C0002,ST06,E039,Completed
ORD01265,2023-05-30,C0347,ST07,E024,Completed
ORD01266,2023-02-24,C0256,ST08,E034,Completed
ORD01267,2023-09-06,C0253,ST03,E028,Completed
ORD01268,2023-07-11,C0308,ST01,E017,Completed
ORD01269,2024-08-16,C0207,ST03,E028,Completed
ORD01270,2023-10-02,C0015,ST04,E011,Completed
ORD01271,2024-03-29,C0480,ST07,E003,Returned
ORD01272,2023-05-17,C0241,ST01,E013,Completed
ORD01273,2023-03-13,C0015,ST08,E025,Completed
ORD01274,2024-05-13,C0113,ST07,E003,Completed
ORD01275,2023-04-25,C0365,ST04,E010,Completed
ORD01276,2024-02-01,C0137,ST08,E031,Completed
ORD01277,2023-09-13,C0347,ST05,E037,Completed
ORD01278,2023-08-01,C0316,ST03,E028,Completed
ORD01279,2024-08-15,C0150,ST05,E022,Completed
ORD01280,2023-09-21,C0228,ST02,E008,Completed
ORD01281,2023-12-10,C0037,ST01,E016,Completed
ORD01282,2023-10-27,C0273,ST03,E004,Completed
ORD01283,2023-03-04,C0307,ST01,E026,Returned
ORD01284,2024-02-05,C0050,ST08,E034,Completed
ORD01285,2023-07-02,C0168,ST01,E036,Returned
ORD01286,2023-01-26,C0144,ST05,E019,Completed
ORD01287,2024-07-13,C0156,ST03,E004,Completed
ORD01288,2023-11-20,C0140,ST01,E036,Completed
ORD01289,2024-03-20,C0303,ST08,E031,Completed
ORD01290,2023-12-30,C0007,ST07,E007,Completed
ORD01291,2024-06-22,C0248,ST02,E008,Completed
ORD01292,2023-12-11,C0010,ST02,E008,Completed
ORD01293,2023-12-07,C0379,ST02,E008,Completed
ORD01294,2023-05-02,C0352,ST07,E014,Completed
ORD01295,2024-04-13,C0391,ST02,E008,Completed
ORD01296,2024-06-20,C0283,ST05,E021,Completed
ORD01297,2023-07-04,C0331,ST05,E006,Completed
ORD01298,2023-02-25,C0399,ST02,E008,Completed
ORD01299,2023-01-12,C0377,ST04,E010,Completed
ORD01300,2024-06-25,C0176,ST08,E020,Completed
ORD01301,2023-04-20,C0249,ST01,E036,Completed
ORD01302,2023-04-10,C0314,ST03,E004,Completed
ORD01303,2023-01-28,C0321,ST02,E008,Completed
ORD01304,2023-07-05,C0398,ST05,E022,Completed
ORD01305,2023-11-28,C0068,ST06,E032,Completed
ORD01306,2024-01-13,C0172,ST07,E007,Completed
ORD01307,2023-06-22,C0421,ST01,E036,Completed
ORD01308,2023-04-28,C0086,ST02,E008,Completed
ORD01309,2023-08-13,C0003,ST06,E039,Completed
ORD01310,2023-07-20,C0351,ST05,E019,Returned
ORD01311,2023-10-09,C0040,ST02,E008,Completed
ORD01312,2023-12-02,C0495,ST07,E003,Completed
ORD01313,2023-10-10,C0217,ST07,E014,Completed
ORD01314,2023-04-16,C0178,ST04,E033,Completed
ORD01315,2024-04-04,C0129,ST04,E012,Completed
ORD01316,2023-06-02,C0355,ST01,E026,Completed
ORD01317,2023-04-18,C0398,ST05,E006,Completed
ORD01318,2023-04-04,C0136,ST02,E008,Completed
ORD01319,2023-06-07,C0241,ST04,E030,Completed
ORD01320,2023-10-23,C0382,ST05,E022,Completed
ORD01321,2023-01-08,C0011,ST08,E031,Completed
ORD01322,2024-07-23,C0035,ST02,E008,Completed
ORD01323,2023-03-30,C0322,ST03,E004,Completed
ORD01324,2023-03-23,C0175,ST02,E008,Returned
ORD01325,2023-10-06,C0353,ST05,E022,Completed
ORD01326,2023-09-18,C0397,ST07,E024,Completed
ORD01327,2023-09-07,C0454,ST08,E023,Completed
ORD01328,2024-04-22,C0285,ST03,E004,Completed
ORD01329,2024-02-11,C0114,ST02,E008,Completed
ORD01330,2024-04-29,C0486,ST01,E036,Completed
ORD01331,2024-01-20,C0040,ST04,E010,Completed
ORD01332,2024-05-28,C0268,ST01,E016,Cancelled
ORD01333,2023-07-19,C0165,ST08,E034,Completed
ORD01334,2023-10-30,C0313,ST01,E026,Completed
ORD01335,2024-07-06,C0489,ST07,E007,Cancelled
ORD01336,2023-02-27,C0373,ST08,E001,Completed
ORD01337,2023-01-31,C0414,ST08,E031,Completed
ORD01338,2023-06-26,C0458,ST08,E001,Completed
ORD01339,2023-09-12,C0147,ST01,E026,Returned
ORD01340,2024-05-29,C0241,ST08,E002,Completed
ORD01341,2023-05-11,C0261,ST03,E028,Completed
ORD01342,2023-06-06,C0219,ST05,E021,Completed
ORD01343,2023-11-09,C0334,ST05,E022,Completed
ORD01344,2023-09-01,C0095,ST06,E032,Completed
ORD01345,2023-12-30,C0193,ST01,E013,Completed
ORD01346,2024-03-26,C0148,ST07,E007,Completed
ORD01347,2023-12-23,C0238,ST05,E022,Completed
ORD01348,2023-08-10,C0419,ST01,E026,Completed
ORD01349,2024-06-19,C0475,ST03,E004,Completed
ORD01350,2023-03-21,C0325,ST02,E008,Completed
ORD01351,2023-11-05,C0166,ST04,E030,Completed
ORD01352,2023-03-28,C0082,ST03,E009,Completed
ORD01353,2023-05-10,C0206,ST06,E018,Completed
ORD01354,2024-02-16,C0204,ST02,E008,Completed
ORD01355,2023-08-02,C0466,ST08,E031,Completed
ORD01356,2023-10-02,C0306,ST05,E038,Completed
ORD01357,2023-11-01,C0192,ST06,E018,Completed
ORD01358,2023-11-29,C0393,ST04,E035,Completed
ORD01359,2023-03-05,C0318,ST01,E017,Completed
ORD01360,2023-01-31,C0194,ST01,E016,Completed
ORD01361,2023-03-21,C0473,ST08,E034,Completed
ORD01362,2024-04-01,C0091,ST08,E029,Completed
ORD01363,2023-11-10,C0338,ST06,E018,Completed
ORD01364,2023-05-14,C0271,ST07,E024,Completed
ORD01365,2024-02-08,C0039,ST04,E033,Completed
ORD01366,2023-06-05,C0014,ST03,E004,Completed
ORD01367,2023-11-27,C0368,ST03,E028,Completed
ORD01368,2024-07-19,C0355,ST07,E003,Completed
ORD01369,2024-05-05,C0306,ST06,E018,Completed
ORD01370,2023-07-05,C0147,ST08,E001,Completed
ORD01371,2024-03-29,C0368,ST08,E023,Returned
ORD01372,2023-11-23,C0130,ST05,E022,Completed
ORD01373,2023-10-12,C0304,ST02,E008,Cancelled
ORD01374,2024-08-12,C0235,ST07,E003,Completed
ORD01375,2024-05-15,C0319,ST02,E008,Completed
ORD01376,2024-08-13,C0064,ST04,E033,Completed
ORD01377,2023-09-19,C0084,ST04,E011,Completed
ORD01378,2023-09-25,C0080,ST06,E040,Completed
ORD01379,2023-02-24,C0114,ST04,E035,Completed
ORD01380,2023-02-02,C0249,ST02,E008,Completed
ORD01381,2023-09-22,C0378,ST06,E032,Completed
ORD01382,2024-06-08,C0305,ST04,E035,Completed
ORD01383,2024-02-18,C0418,ST06,E005,Completed
ORD01384,2023-06-20,C0274,ST03,E028,Completed
ORD01385,2023-11-08,C0054,ST08,E034,Completed
ORD01386,2024-03-15,C0309,ST04,E033,Completed
ORD01387,2023-01-22,C0116,ST08,E002,Completed
ORD01388,2024-06-16,C0372,ST06,E040,Completed
ORD01389,2023-03-02,C0496,ST04,E030,Returned
ORD01390,2024-08-08,C0150,ST03,E028,Completed
ORD01391,2023-10-18,C0427,ST02,E008,Completed
ORD01392,2023-02-03,C0496,ST06,E027,Completed
ORD01393,2023-08-08,C0021,ST01,E016,Completed
ORD01394,2023-10-16,C0050,ST04,E015,Completed
ORD01395,2023-03-13,C0499,ST07,E024,Completed
ORD01396,2023-12-08,C0361,ST08,E025,Completed
ORD01397,2023-03-30,C0344,ST01,E026,Completed
ORD01398,2023-04-24,C0165,ST01,E013,Completed
ORD01399,2023-03-14,C0148,ST04,E015,Completed
ORD01400,2024-04-06,C0018,ST08,E020,Completed
ORD01401,2024-07-01,C0337,ST08,E001,Completed
ORD01402,2023-02-23,C0268,ST06,E032,Completed
ORD01403,2024-08-22,C0375,ST02,E008,Completed
ORD01404,2024-06-01,C0225,ST02,E008,Completed
ORD01405,2024-01-06,C0389,ST01,E016,Completed
ORD01406,2023-11-01,C0054,ST03,E028,Completed
ORD01407,2024-05-25,C0485,ST06,E027,Completed
ORD01408,2024-04-30,C0372,ST08,E020,Completed
ORD01409,2023-05-23,C0419,ST01,E017,Completed
ORD01410,2023-02-13,C0432,ST01,E036,Completed
ORD01411,2023-12-16,C0091,ST01,E036,Completed
ORD01412,2023-11-10,C0149,ST05,E019,Completed
ORD01413,2023-05-15,C0430,ST07,E003,Completed
ORD01414,2023-08-27,C0478,ST01,E026,Completed
ORD01415,2023-11-24,C0423,ST01,E013,Completed
ORD01416,2023-11-18,C0139,ST07,E014,Completed
ORD01417,2024-04-15,C0190,ST06,E039,Completed
ORD01418,2023-11-24,C0277,ST03,E009,Completed
ORD01419,2024-03-27,C0072,ST07,E024,Completed
ORD01420,2023-04-19,C0146,ST07,E003,Completed
ORD01421,2023-03-24,C0375,ST07,E003,Completed
ORD01422,2023-07-07,C0101,ST08,E023,Completed
ORD01423,2023-01-20,C0444,ST02,E008,Completed
ORD01424,2023-09-04,C0093,ST05,E019,Completed
ORD01425,2023-05-16,C0122,ST06,E040,Completed
ORD01426,2023-10-18,C0399,ST01,E016,Completed
ORD01427,2024-05-25,C0027,ST08,E002,Completed
ORD01428,2023-04-13,C0158,ST08,E002,Completed
ORD01429,2023-01-15,C0452,ST01,E017,Completed
ORD01430,2023-08-09,C0220,ST01,E036,Completed
ORD01431,2023-07-19,C0214,ST07,E024,Completed
ORD01432,2024-08-17,C0349,ST07,E007,Completed
ORD01433,2023-12-28,C0261,ST08,E034,Completed
ORD01434,2023-04-12,C0231,ST02,E008,Completed
ORD01435,2023-08-25,C0128,ST08,E029,Completed
ORD01436,2023-04-21,C0123,ST04,E015,Completed
ORD01437,2023-03-07,C0488,ST03,E004,Completed
ORD01438,2023-08-01,C0331,ST05,E038,Completed
ORD01439,2024-04-24,C0392,ST02,E008,Returned
ORD01440,2023-07-27,C0193,ST06,E040,Completed
ORD01441,2024-01-08,C0284,ST02,E008,Completed
ORD01442,2023-06-28,C0395,ST05,E038,Completed
ORD01443,2023-06-28,C0057,ST07,E014,Completed
ORD01444,2024-06-29,C0121,ST07,E024,Completed
ORD01445,2023-05-24,C0281,ST07,E007,Returned
ORD01446,2023-12-28,C0284,ST03,E004,Completed
ORD01447,2024-08-10,C0496,ST06,E040,Completed
ORD01448,2024-01-10,C0045,ST05,E038,Completed
ORD01449,2024-03-27,C0018,ST04,E015,Completed
ORD01450,2024-05-26,C0313,ST04,E011,Completed
ORD01451,2023-09-10,C0470,ST08,E001,Completed
ORD01452,2024-01-13,C0421,ST04,E012,Completed
ORD01453,2023-09-16,C0397,ST07,E014,Completed
ORD01454,2024-06-06,C0229,ST06,E032,Completed
ORD01455,2023-04-25,C0093,ST01,E036,Completed
ORD01456,2023-12-04,C0125,ST07,E007,Completed
ORD01457,2023-01-27,C0481,ST05,E019,Completed
ORD01458,2023-08-20,C0371,ST07,E007,Completed
ORD01459,2024-01-01,C0172,ST03,E009,Completed
ORD01460,2023-02-17,C0295,ST05,E038,Completed
ORD01461,2024-07-27,C0295,ST04,E030,Completed
ORD01462,2023-04-07,C0464,ST02,E008,Completed
ORD01463,2023-06-09,C0103,ST05,E038,Completed
ORD01464,2023-09-15,C0392,ST04,E035,Completed
ORD01465,2023-11-27,C0128,ST03,E009,Completed
ORD01466,2023-12-28,C0124,ST07,E007,Completed
ORD01467,2024-04-28,C0336,ST05,E006,Completed
ORD01468,2023-09-09,C0314,ST07,E014,Returned
ORD01469,2024-05-19,C0240,ST03,E028,Completed
ORD01470,2024-03-28,C0153,ST06,E005,Completed
ORD01471,2023-12-02,C0087,ST03,E028,Completed
ORD01472,2024-08-21,C0083,ST05,E019,Returned
ORD01473,2024-07-12,C0490,ST03,E004,Completed
ORD01474,2023-12-13,C0347,ST03,E009,Completed
ORD01475,2023-04-12,C0293,ST05,E019,Completed
ORD01476,2023-02-10,C0059,ST02,E008,Completed
ORD01477,2023-04-12,C0361,ST02,E008,Completed
ORD01478,2024-06-28,C0065,ST08,E002,Completed
ORD01479,2024-02-22,C0087,ST01,E036,Completed
ORD01480,2024-01-17,C0248,ST02,E008,Completed
ORD01481,2023-03-19,C0298,ST08,E029,Returned
ORD01482,2023-09-27,C0362,ST07,E024,Completed
ORD01483,2023-07-06,C0430,ST04,E015,Completed
ORD01484,2023-10-09,C0014,ST03,E009,Completed
ORD01485,2024-07-14,C0429,ST07,E024,Completed
ORD01486,2024-05-30,C0064,ST08,E023,Completed
ORD01487,2024-06-08,C0338,ST06,E018,Completed
ORD01488,2024-03-10,C0115,ST06,E005,Completed
ORD01489,2024-04-16,C0185,ST05,E022,Completed
ORD01490,2024-08-11,C0239,ST03,E009,Completed
ORD01491,2024-05-16,C0476,ST01,E013,Completed
ORD01492,2024-02-13,C0134,ST08,E001,Completed
ORD01493,2023-05-31,C0431,ST05,E037,Completed
ORD01494,2023-08-14,C0185,ST01,E026,Completed
ORD01495,2023-07-16,C0365,ST04,E012,Completed
ORD01496,2023-07-10,C0123,ST03,E004,Completed
ORD01497,2023-01-18,C0054,ST03,E004,Completed
ORD01498,2023-06-16,C0415,ST02,E008,Completed
ORD01499,2023-12-05,C0409,ST06,E032,Completed
ORD01500,2023-03-14,C0089,ST01,E013,Completed
ORD01501,2023-02-01,C0406,ST01,E026,Completed
ORD01502,2024-03-11,C0011,ST01,E016,Completed
ORD01503,2023-10-21,C0495,ST01,E026,Completed
ORD01504,2023-05-22,C0156,ST03,E009,Completed
ORD01505,2023-04-27,C0354,ST08,E025,Returned
ORD01506,2024-01-21,C0016,ST08,E020,Completed
ORD01507,2023-11-04,C0466,ST02,E008,Completed
ORD01508,2023-05-17,C0140,ST02,E008,Completed
ORD01509,2024-07-30,C0027,ST05,E022,Completed
ORD01510,2024-04-21,C0404,ST02,E008,Completed
ORD01511,2023-02-27,C0170,ST08,E025,Completed
ORD01512,2023-12-21,C0081,ST04,E011,Completed
ORD01513,2023-04-22,C0385,ST02,E008,Completed
ORD01514,2024-05-12,C0408,ST06,E040,Completed
ORD01515,2023-06-24,C0058,ST04,E030,Completed
ORD01516,2024-01-24,C0432,ST07,E014,Completed
ORD01517,2023-03-22,C0390,ST07,E024,Completed
ORD01518,2023-10-11,C0284,ST06,E040,Completed
ORD01519,2023-05-16,C0037,ST03,E028,Completed
ORD01520,2023-02-17,C0378,ST06,E018,Completed
ORD01521,2023-11-21,C0408,ST04,E030,Returned
ORD01522,2024-08-15,C0391,ST01,E013,Completed
ORD01523,2023-09-04,C0132,ST08,E023,Completed
ORD01524,2024-07-02,C0381,ST02,E008,Completed
ORD01525,2023-04-15,C0166,ST07,E003,Completed
ORD01526,2024-04-12,C0069,ST05,E021,Completed
ORD01527,2023-06-19,C0103,ST08,E020,Completed
ORD01528,2023-04-28,C0215,ST08,E020,Completed
ORD01529,2024-02-29,C0182,ST08,E001,Completed
ORD01530,2024-08-17,C0449,ST03,E028,Completed
ORD01531,2023-01-08,C0448,ST06,E039,Completed
ORD01532,2023-06-23,C0185,ST08,E034,Returned
ORD01533,2023-10-30,C0244,ST01,E036,Completed
ORD01534,2023-11-22,C0343,ST04,E012,Completed
ORD01535,2023-06-03,C0341,ST02,E008,Completed
ORD01536,2023-01-23,C0385,ST03,E004,Completed
ORD01537,2024-01-05,C0239,ST05,E021,Completed
ORD01538,2023-07-25,C0246,ST05,E038,Completed
ORD01539,2023-09-20,C0279,ST01,E017,Returned
ORD01540,2023-07-24,C0306,ST06,E039,Completed
ORD01541,2024-05-18,C0209,ST05,E006,Completed
ORD01542,2023-08-08,C0040,ST04,E011,Completed
ORD01543,2023-04-27,C0023,ST03,E004,Completed
ORD01544,2023-07-03,C0229,ST02,E008,Completed
ORD01545,2023-11-27,C0131,ST06,E040,Completed
ORD01546,2023-10-06,C0475,ST04,E033,Completed
ORD01547,2024-01-15,C0475,ST02,E008,Completed
ORD01548,2024-01-07,C0147,ST05,E021,Completed
ORD01549,2023-07-02,C0472,ST02,E008,Completed
ORD01550,2023-02-23,C0059,ST02,E008,Completed
ORD01551,2023-12-24,C0079,ST06,E027,Completed
ORD01552,2023-01-16,C0217,ST06,E005,Completed
ORD01553,2024-06-22,C0232,ST06,E018,Completed
ORD01554,2023-04-08,C0360,ST02,E008,Completed
ORD01555,2023-10-13,C0343,ST03,E004,Completed
ORD01556,2024-03-06,C0476,ST01,E013,Completed
ORD01557,2024-05-12,C0175,ST04,E030,Completed
ORD01558,2023-01-05,C0032,ST03,E009,Completed
ORD01559,2024-01-29,C0310,ST08,E029,Completed
ORD01560,2023-03-14,C0370,ST05,E038,Completed
ORD01561,2023-02-25,C0054,ST07,E024,Completed
ORD01562,2023-05-23,C0270,ST08,E002,Completed
ORD01563,2023-02-23,C0133,ST07,E007,Completed
ORD01564,2023-12-12,C0005,ST05,E019,Completed
ORD01565,2023-08-01,C0339,ST07,E024,Completed
ORD01566,2023-04-20,C0337,ST08,E031,Completed
ORD01567,2023-10-12,C0321,ST03,E009,Completed
ORD01568,2023-08-31,C0085,ST05,E037,Cancelled
ORD01569,2023-09-28,C0274,ST03,E009,Completed
ORD01570,2023-01-31,C0074,ST06,E032,Completed
ORD01571,2024-07-27,C0446,ST07,E024,Completed
ORD01572,2023-10-01,C0489,ST07,E014,Completed
ORD01573,2023-12-11,C0209,ST04,E030,Completed
ORD01574,2023-06-23,C0357,ST05,E037,Completed
ORD01575,2023-11-29,C0313,ST03,E009,Cancelled
ORD01576,2023-02-03,C0308,ST07,E014,Completed
ORD01577,2023-07-27,C0357,ST05,E019,Completed
ORD01578,2023-02-26,C0320,ST04,E010,Completed
ORD01579,2023-06-23,C0241,ST01,E013,Returned
ORD01580,2023-08-23,C0317,ST05,E037,Completed
ORD01581,2023-09-03,C0167,ST01,E036,Completed
ORD01582,2024-07-15,C0456,ST02,E008,Completed
ORD01583,2024-01-29,C0244,ST03,E009,Completed
ORD01584,2024-02-14,C0157,ST06,E027,Completed
ORD01585,2023-09-30,C0388,ST04,E012,Returned
ORD01586,2023-03-20,C0431,ST07,E003,Returned
ORD01587,2023-08-14,C0083,ST05,E037,Completed
ORD01588,2023-12-27,C0372,ST07,E024,Completed
ORD01589,2023-03-31,C0048,ST06,E005,Completed
ORD01590,2023-08-06,C0056,ST08,E023,Completed
ORD01591,2023-12-03,C0235,ST02,E008,Completed
ORD01592,2023-10-10,C0326,ST06,E018,Completed
ORD01593,2024-07-04,C0304,ST04,E015,Completed
ORD01594,2023-09-13,C0331,ST04,E015,Completed
ORD01595,2023-11-21,C0325,ST07,E007,Completed
ORD01596,2023-08-25,C0277,ST07,E003,Completed
ORD01597,2023-07-27,C0382,ST02,E008,Completed
ORD01598,2024-05-17,C0080,ST02,E008,Completed
ORD01599,2023-03-08,C0476,ST01,E016,Completed
ORD01600,2023-07-04,C0447,ST02,E008,Completed
ORD01601,2024-08-14,C0405,ST06,E039,Completed
ORD01602,2023-06-11,C0324,ST03,E004,Completed
ORD01603,2024-05-09,C0276,ST03,E009,Completed
ORD01604,2023-09-09,C0093,ST01,E013,Completed
ORD01605,2024-03-04,C0216,ST05,E037,Completed
ORD01606,2023-07-27,C0243,ST04,E011,Completed
ORD01607,2023-02-16,C0122,ST06,E027,Completed
ORD01608,2024-05-19,C0033,ST02,E008,Completed
ORD01609,2023-12-10,C0481,ST02,E008,Completed
ORD01610,2023-02-22,C0116,ST06,E018,Completed
ORD01611,2024-08-14,C0424,ST07,E024,Completed
ORD01612,2023-05-22,C0342,ST01,E026,Completed
ORD01613,2023-08-27,C0365,ST06,E005,Completed
ORD01614,2023-03-24,C0251,ST01,E017,Completed
ORD01615,2023-08-30,C0470,ST02,E008,Completed
ORD01616,2024-06-05,C0403,ST04,E012,Completed
ORD01617,2023-02-16,C0414,ST06,E018,Completed
ORD01618,2023-12-24,C0321,ST03,E028,Completed
ORD01619,2024-04-29,C0280,ST06,E027,Completed
ORD01620,2024-05-31,C0226,ST07,E024,Completed
ORD01621,2024-02-17,C0467,ST01,E013,Completed
ORD01622,2023-11-15,C0145,ST06,E027,Completed
ORD01623,2023-01-25,C0315,ST04,E012,Completed
ORD01624,2024-06-09,C0119,ST03,E004,Completed
ORD01625,2023-08-03,C0018,ST02,E008,Completed
ORD01626,2024-04-26,C0454,ST05,E037,Completed
ORD01627,2023-09-25,C0016,ST01,E016,Completed
ORD01628,2024-06-17,C0172,ST01,E036,Completed
ORD01629,2023-04-27,C0412,ST06,E005,Completed
ORD01630,2023-05-18,C0455,ST04,E033,Completed
ORD01631,2023-12-27,C0013,ST02,E008,Completed
ORD01632,2023-01-20,C0387,ST02,E008,Completed
ORD01633,2023-12-05,C0176,ST06,E040,Completed
ORD01634,2023-07-08,C0201,ST02,E008,Returned
ORD01635,2024-01-18,C0271,ST05,E037,Completed
ORD01636,2023-11-27,C0120,ST01,E036,Completed
ORD01637,2023-11-15,C0003,ST05,E006,Completed
ORD01638,2023-09-01,C0433,ST06,E039,Completed
ORD01639,2024-08-22,C0031,ST01,E017,Completed
ORD01640,2023-01-20,C0283,ST07,E014,Completed
ORD01641,2023-12-05,C0037,ST07,E007,Completed
ORD01642,2023-07-23,C0332,ST02,E008,Completed
ORD01643,2023-12-09,C0123,ST02,E008,Completed
ORD01644,2023-06-08,C0088,ST08,E020,Completed
ORD01645,2023-06-21,C0459,ST02,E008,Completed
ORD01646,2023-02-10,C0234,ST08,E002,Completed
ORD01647,2024-02-25,C0284,ST03,E009,Completed
ORD01648,2023-12-20,C0304,ST04,E030,Completed
ORD01649,2023-07-14,C0380,ST02,E008,Completed
ORD01650,2023-11-30,C0076,ST05,E006,Completed
ORD01651,2023-07-19,C0300,ST06,E032,Completed
ORD01652,2023-02-16,C0472,ST04,E015,Completed
ORD01653,2024-07-21,C0411,ST07,E007,Completed
ORD01654,2023-10-03,C0101,ST05,E006,Completed
ORD01655,2024-04-30,C0143,ST06,E005,Completed
ORD01656,2024-05-10,C0220,ST08,E029,Completed
ORD01657,2023-07-08,C0321,ST04,E030,Completed
ORD01658,2023-04-28,C0302,ST08,E001,Completed
ORD01659,2024-04-07,C0133,ST03,E028,Completed
ORD01660,2023-06-04,C0133,ST03,E004,Completed
ORD01661,2024-06-19,C0022,ST04,E033,Completed
ORD01662,2024-03-13,C0190,ST04,E033,Completed
ORD01663,2023-03-27,C0425,ST02,E008,Completed
ORD01664,2024-04-14,C0121,ST08,E001,Completed
ORD01665,2023-12-07,C0029,ST06,E039,Completed
ORD01666,2023-02-27,C0470,ST03,E028,Completed
ORD01667,2023-07-24,C0034,ST03,E028,Completed
ORD01668,2023-03-04,C0212,ST02,E008,Completed
ORD01669,2024-03-20,C0020,ST08,E020,Completed
ORD01670,2024-03-19,C0392,ST02,E008,Completed
ORD01671,2023-04-16,C0041,ST07,E024,Completed
ORD01672,2024-02-25,C0484,ST08,E034,Completed
ORD01673,2024-06-12,C0450,ST03,E009,Completed
ORD01674,2024-05-28,C0344,ST06,E005,Completed
ORD01675,2024-02-18,C0409,ST07,E024,Completed
ORD01676,2023-04-03,C0021,ST06,E027,Completed
ORD01677,2023-05-10,C0215,ST01,E017,Completed
ORD01678,2024-03-17,C0451,ST04,E010,Completed
ORD01679,2023-09-25,C0291,ST04,E010,Completed
ORD01680,2023-12-16,C0407,ST03,E028,Completed
ORD01681,2023-11-18,C0348,ST08,E002,Completed
ORD01682,2024-08-12,C0283,ST08,E023,Completed
ORD01683,2024-03-13,C0372,ST07,E003,Completed
ORD01684,2024-01-18,C0394,ST07,E003,Completed
ORD01685,2023-09-13,C0493,ST07,E003,Completed
ORD01686,2024-03-16,C0444,ST07,E014,Completed
ORD01687,2024-06-30,C0404,ST02,E008,Returned
ORD01688,2023-06-30,C0231,ST03,E004,Cancelled
ORD01689,2024-07-15,C0040,ST07,E014,Completed
ORD01690,2024-06-29,C0210,ST05,E038,Completed
ORD01691,2023-01-16,C0181,ST03,E009,Completed
ORD01692,2024-06-24,C0015,ST05,E019,Completed
ORD01693,2024-06-28,C0068,ST08,E020,Completed
ORD01694,2024-07-20,C0391,ST01,E036,Cancelled
ORD01695,2023-10-20,C0089,ST02,E008,Completed
ORD01696,2023-07-05,C0183,ST03,E028,Completed
ORD01697,2023-10-01,C0237,ST03,E004,Completed
ORD01698,2024-01-23,C0101,ST07,E024,Returned
ORD01699,2023-12-03,C0277,ST08,E029,Completed
ORD01700,2024-05-01,C0202,ST02,E008,Completed
ORD01701,2023-01-28,C0255,ST04,E033,Completed
ORD01702,2023-12-31,C0136,ST03,E009,Completed
ORD01703,2024-03-29,C0047,ST01,E036,Completed
ORD01704,2023-09-16,C0017,ST07,E024,Completed
ORD01705,2024-06-30,C0391,ST02,E008,Completed
ORD01706,2023-06-12,C0138,ST05,E019,Completed
ORD01707,2024-03-23,C0442,ST05,E037,Completed
ORD01708,2023-04-09,C0293,ST08,E002,Completed
ORD01709,2023-11-07,C0063,ST04,E015,Completed
ORD01710,2024-06-17,C0456,ST07,E007,Completed
ORD01711,2023-07-08,C0391,ST06,E032,Completed
ORD01712,2023-06-25,C0108,ST03,E009,Completed
ORD01713,2023-05-01,C0052,ST02,E008,Completed
ORD01714,2024-07-18,C0372,ST08,E034,Completed
ORD01715,2024-06-13,C0275,ST02,E008,Completed
ORD01716,2023-03-12,C0029,ST02,E008,Completed
ORD01717,2023-01-10,C0143,ST03,E004,Completed
ORD01718,2024-01-26,C0436,ST04,E011,Completed
ORD01719,2023-03-31,C0051,ST01,E017,Completed
ORD01720,2023-11-04,C0147,ST08,E025,Completed
ORD01721,2024-06-09,C0323,ST04,E015,Cancelled
ORD01722,2023-03-21,C0180,ST05,E021,Completed
ORD01723,2023-09-01,C0254,ST05,E022,Completed
ORD01724,2024-05-12,C0318,ST04,E015,Completed
ORD01725,2024-07-22,C0479,ST06,E018,Completed
ORD01726,2023-10-28,C0176,ST04,E030,Completed
ORD01727,2023-01-21,C0395,ST05,E038,Completed
ORD01728,2023-04-03,C0074,ST06,E039,Completed
ORD01729,2023-03-10,C0248,ST04,E010,Completed
ORD01730,2023-02-13,C0091,ST05,E022,Completed
ORD01731,2024-07-11,C0162,ST08,E029,Completed
ORD01732,2023-08-06,C0112,ST02,E008,Completed
ORD01733,2024-01-30,C0197,ST06,E005,Completed
ORD01734,2023-05-19,C0127,ST04,E012,Completed
ORD01735,2024-06-22,C0087,ST02,E008,Completed
ORD01736,2024-05-16,C0152,ST01,E017,Completed
ORD01737,2023-08-19,C0491,ST06,E005,Completed
ORD01738,2023-04-25,C0409,ST04,E011,Completed
ORD01739,2024-06-08,C0036,ST01,E016,Completed
ORD01740,2023-06-21,C0455,ST04,E011,Completed
ORD01741,2023-05-02,C0311,ST05,E021,Completed
ORD01742,2023-10-25,C0312,ST02,E008,Completed
ORD01743,2024-01-16,C0486,ST07,E007,Completed
ORD01744,2023-04-26,C0019,ST06,E005,Completed
ORD01745,2024-04-09,C0259,ST04,E015,Completed
ORD01746,2024-07-26,C0155,ST06,E040,Completed
ORD01747,2023-10-11,C0424,ST04,E015,Completed
ORD01748,2023-01-03,C0382,ST07,E003,Completed
ORD01749,2023-12-20,C0231,ST03,E004,Completed
ORD01750,2023-07-21,C0466,ST06,E027,Completed
ORD01751,2023-09-07,C0408,ST02,E008,Completed
ORD01752,2024-02-24,C0458,ST06,E040,Completed
ORD01753,2023-01-24,C0326,ST06,E032,Cancelled
ORD01754,2024-03-16,C0450,ST07,E007,Returned
ORD01755,2024-02-04,C0347,ST03,E004,Completed
ORD01756,2023-09-08,C0339,ST02,E008,Returned
ORD01757,2023-03-09,C0426,ST07,E014,Returned
ORD01758,2023-06-25,C0273,ST02,E008,Completed
ORD01759,2023-09-25,C0087,ST03,E009,Completed
ORD01760,2023-06-03,C0396,ST07,E003,Completed
ORD01761,2024-06-06,C0101,ST03,E009,Completed
ORD01762,2023-03-20,C0460,ST06,E005,Completed
ORD01763,2024-01-03,C0340,ST03,E028,Completed
ORD01764,2024-03-28,C0472,ST01,E036,Completed
ORD01765,2023-08-15,C0370,ST05,E038,Returned
ORD01766,2023-12-15,C0240,ST08,E025,Completed
ORD01767,2024-07-18,C0284,ST07,E007,Cancelled
ORD01768,2023-07-19,C0188,ST08,E031,Completed
ORD01769,2023-08-06,C0003,ST05,E006,Completed
ORD01770,2024-07-05,C0266,ST07,E003,Completed
ORD01771,2023-03-06,C0082,ST04,E033,Completed
ORD01772,2023-05-03,C0214,ST08,E031,Completed
ORD01773,2023-08-18,C0359,ST08,E031,Returned
ORD01774,2023-08-27,C0432,ST08,E023,Completed
ORD01775,2024-04-27,C0140,ST04,E010,Cancelled
ORD01776,2023-11-15,C0300,ST06,E040,Completed
ORD01777,2023-10-20,C0246,ST04,E011,Completed
ORD01778,2023-06-15,C0421,ST05,E022,Completed
ORD01779,2023-10-05,C0449,ST04,E030,Completed
ORD01780,2024-03-25,C0237,ST04,E010,Completed
ORD01781,2023-11-13,C0382,ST06,E027,Completed
ORD01782,2023-04-22,C0169,ST04,E012,Completed
ORD01783,2024-04-08,C0454,ST02,E008,Completed
ORD01784,2023-06-10,C0128,ST05,E019,Completed
ORD01785,2024-06-01,C0140,ST08,E023,Completed
ORD01786,2024-03-05,C0107,ST04,E011,Completed
ORD01787,2024-07-19,C0298,ST03,E028,Completed
ORD01788,2024-07-26,C0026,ST01,E036,Cancelled
ORD01789,2023-12-08,C0130,ST06,E040,Completed
ORD01790,2024-02-01,C0162,ST05,E021,Completed
ORD01791,2023-03-06,C0484,ST03,E004,Completed
ORD01792,2023-10-19,C0221,ST02,E008,Completed
ORD01793,2023-09-15,C0134,ST08,E029,Completed
ORD01794,2023-07-10,C0231,ST02,E008,Completed
ORD01795,2024-01-23,C0443,ST06,E005,Completed
ORD01796,2024-07-30,C0478,ST04,E011,Completed
ORD01797,2024-02-28,C0295,ST06,E018,Completed
ORD01798,2023-07-12,C0485,ST08,E001,Completed
ORD01799,2024-07-09,C0211,ST01,E013,Completed
ORD01800,2024-01-02,C0195,ST07,E024,Returned
ORD01801,2023-01-21,C0335,ST07,E003,Completed
ORD01802,2023-12-11,C0447,ST03,E009,Completed
ORD01803,2023-11-23,C0153,ST07,E003,Completed
ORD01804,2023-06-28,C0321,ST05,E037,Completed
ORD01805,2024-06-03,C0138,ST03,E028,Completed
ORD01806,2023-03-30,C0348,ST02,E008,Completed
ORD01807,2023-08-26,C0207,ST02,E008,Completed
ORD01808,2023-05-08,C0063,ST03,E009,Completed
ORD01809,2023-09-03,C0056,ST03,E028,Completed
ORD01810,2023-05-11,C0118,ST07,E024,Completed
ORD01811,2023-03-03,C0083,ST01,E036,Completed
ORD01812,2023-02-02,C0426,ST02,E008,Completed
ORD01813,2024-08-04,C0197,ST04,E011,Completed
ORD01814,2023-05-12,C0025,ST03,E028,Completed
ORD01815,2023-08-16,C0484,ST03,E028,Completed
ORD01816,2024-01-22,C0335,ST07,E003,Completed
ORD01817,2023-01-21,C0036,ST04,E010,Completed
ORD01818,2023-02-23,C0431,ST02,E008,Completed
ORD01819,2023-01-04,C0094,ST06,E027,Completed
ORD01820,2024-05-14,C0122,ST05,E022,Completed
ORD01821,2024-03-14,C0102,ST03,E004,Completed
ORD01822,2024-03-11,C0291,ST02,E008,Completed
ORD01823,2024-07-21,C0276,ST01,E036,Completed
ORD01824,2023-07-19,C0412,ST08,E034,Completed
ORD01825,2024-04-19,C0133,ST06,E039,Completed
ORD01826,2024-05-19,C0461,ST06,E040,Completed
ORD01827,2023-09-25,C0245,ST02,E008,Completed
ORD01828,2023-10-06,C0488,ST04,E030,Completed
ORD01829,2023-10-21,C0346,ST06,E039,Completed
ORD01830,2023-03-08,C0220,ST07,E003,Completed
ORD01831,2024-04-09,C0075,ST01,E017,Completed
ORD01832,2023-03-07,C0108,ST02,E008,Returned
ORD01833,2023-03-26,C0310,ST05,E019,Completed
ORD01834,2024-05-11,C0473,ST02,E008,Cancelled
ORD01835,2023-09-18,C0228,ST05,E021,Completed
ORD01836,2024-08-21,C0066,ST06,E018,Completed
ORD01837,2024-05-06,C0329,ST08,E031,Completed
ORD01838,2023-06-10,C0412,ST07,E003,Completed
ORD01839,2024-05-02,C0265,ST03,E028,Completed
ORD01840,2024-07-09,C0377,ST07,E024,Completed
ORD01841,2024-05-05,C0179,ST03,E028,Completed
ORD01842,2024-05-03,C0200,ST06,E040,Completed
ORD01843,2024-05-31,C0190,ST08,E025,Completed
ORD01844,2024-01-23,C0133,ST07,E007,Returned
ORD01845,2024-06-25,C0246,ST06,E040,Completed
ORD01846,2023-05-29,C0386,ST08,E020,Completed
ORD01847,2023-04-30,C0377,ST05,E037,Completed
ORD01848,2023-01-23,C0382,ST05,E019,Completed
ORD01849,2023-09-22,C0359,ST08,E031,Completed
ORD01850,2024-02-07,C0128,ST05,E006,Completed
ORD01851,2023-03-17,C0116,ST07,E014,Returned
ORD01852,2023-12-01,C0021,ST08,E023,Completed
ORD01853,2024-01-22,C0374,ST01,E017,Completed
ORD01854,2023-04-24,C0184,ST01,E016,Completed
ORD01855,2024-05-30,C0297,ST01,E026,Completed
ORD01856,2024-06-15,C0355,ST04,E035,Completed
ORD01857,2024-01-26,C0251,ST08,E031,Completed
ORD01858,2024-03-23,C0110,ST01,E016,Completed
ORD01859,2024-07-27,C0382,ST04,E033,Returned
ORD01860,2024-01-12,C0274,ST01,E016,Completed
ORD01861,2023-10-29,C0277,ST07,E007,Completed
ORD01862,2023-02-09,C0498,ST06,E032,Completed
ORD01863,2024-06-17,C0266,ST02,E008,Completed
ORD01864,2023-10-03,C0386,ST02,E008,Completed
ORD01865,2023-09-18,C0095,ST08,E020,Completed
ORD01866,2023-09-09,C0275,ST04,E010,Completed
ORD01867,2023-01-28,C0265,ST02,E008,Completed
ORD01868,2024-04-02,C0482,ST04,E011,Completed
ORD01869,2023-01-30,C0409,ST04,E030,Completed
ORD01870,2023-02-13,C0333,ST08,E034,Completed
ORD01871,2023-08-24,C0240,ST01,E026,Cancelled
ORD01872,2024-07-08,C0463,ST06,E032,Completed
ORD01873,2024-01-21,C0105,ST04,E010,Completed
ORD01874,2024-06-08,C0085,ST01,E036,Completed
ORD01875,2023-12-04,C0104,ST08,E001,Completed
ORD01876,2024-03-18,C0310,ST04,E015,Completed
ORD01877,2023-11-16,C0321,ST04,E030,Completed
ORD01878,2023-04-11,C0455,ST03,E009,Completed
ORD01879,2024-08-05,C0475,ST05,E006,Completed
ORD01880,2024-08-03,C0079,ST01,E026,Completed
ORD01881,2024-05-15,C0306,ST04,E011,Completed
ORD01882,2024-03-09,C0326,ST01,E016,Completed
ORD01883,2024-07-21,C0372,ST02,E008,Completed
ORD01884,2023-07-12,C0404,ST06,E040,Completed
ORD01885,2024-06-03,C0233,ST08,E001,Completed
ORD01886,2023-07-27,C0325,ST04,E030,Completed
ORD01887,2023-07-30,C0458,ST04,E012,Completed
ORD01888,2023-07-08,C0481,ST01,E017,Completed
ORD01889,2023-03-15,C0347,ST01,E017,Returned
ORD01890,2023-02-27,C0006,ST03,E004,Completed
ORD01891,2023-01-29,C0244,ST04,E033,Completed
ORD01892,2024-03-07,C0194,ST08,E029,Cancelled
ORD01893,2024-06-16,C0208,ST02,E008,Completed
ORD01894,2023-11-03,C0168,ST06,E039,Returned
ORD01895,2024-05-05,C0180,ST08,E023,Completed
ORD01896,2024-06-04,C0370,ST05,E006,Completed
ORD01897,2024-07-11,C0297,ST01,E017,Completed
ORD01898,2023-04-15,C0206,ST01,E013,Completed
ORD01899,2023-08-14,C0094,ST06,E040,Completed
ORD01900,2024-01-25,C0336,ST04,E012,Completed
ORD01901,2023-07-27,C0137,ST04,E011,Completed
ORD01902,2024-06-03,C0062,ST06,E032,Completed
ORD01903,2024-07-27,C0043,ST08,E029,Completed
ORD01904,2023-12-21,C0052,ST07,E024,Completed
ORD01905,2023-07-29,C0091,ST04,E011,Completed
ORD01906,2023-05-12,C0086,ST05,E019,Returned
ORD01907,2023-06-16,C0267,ST07,E014,Returned
ORD01908,2024-07-17,C0397,ST04,E033,Completed
ORD01909,2024-08-13,C0024,ST01,E016,Completed
ORD01910,2023-09-11,C0226,ST05,E021,Completed
ORD01911,2023-01-04,C0018,ST07,E003,Completed
ORD01912,2024-04-08,C0413,ST03,E009,Completed
ORD01913,2023-04-15,C0235,ST04,E015,Completed
ORD01914,2023-11-25,C0111,ST06,E018,Completed
ORD01915,2023-05-03,C0056,ST01,E016,Completed
ORD01916,2023-07-07,C0212,ST08,E034,Completed
ORD01917,2023-06-10,C0024,ST08,E002,Completed
ORD01918,2023-07-28,C0421,ST01,E017,Completed
ORD01919,2023-04-18,C0292,ST03,E009,Completed
ORD01920,2023-06-14,C0158,ST01,E017,Completed
ORD01921,2023-12-16,C0459,ST04,E015,Completed
ORD01922,2024-08-20,C0068,ST08,E029,Completed
ORD01923,2024-01-15,C0407,ST03,E028,Completed
ORD01924,2024-01-04,C0184,ST02,E008,Returned
ORD01925,2024-02-15,C0098,ST06,E005,Completed
ORD01926,2024-06-13,C0476,ST05,E022,Completed
ORD01927,2024-03-21,C0273,ST07,E003,Cancelled
ORD01928,2023-07-13,C0026,ST01,E016,Returned
ORD01929,2024-05-22,C0224,ST08,E002,Completed
ORD01930,2024-05-03,C0281,ST01,E026,Completed
ORD01931,2023-05-14,C0204,ST08,E031,Completed
ORD01932,2024-02-08,C0254,ST08,E031,Completed
ORD01933,2023-11-26,C0248,ST01,E017,Completed
ORD01934,2023-07-31,C0216,ST02,E008,Completed
ORD01935,2024-01-20,C0109,ST02,E008,Completed
ORD01936,2024-08-13,C0206,ST08,E023,Completed
ORD01937,2023-03-30,C0021,ST03,E009,Completed
ORD01938,2024-04-04,C0336,ST05,E021,Completed
ORD01939,2023-03-30,C0095,ST08,E034,Completed
ORD01940,2024-05-24,C0174,ST06,E040,Completed
ORD01941,2023-11-01,C0060,ST04,E012,Cancelled
ORD01942,2023-10-10,C0251,ST04,E035,Completed
ORD01943,2023-06-17,C0173,ST05,E019,Completed
ORD01944,2023-02-08,C0220,ST02,E008,Completed
ORD01945,2024-03-11,C0474,ST01,E026,Completed
ORD01946,2023-07-22,C0311,ST05,E037,Completed
ORD01947,2023-10-28,C0307,ST02,E008,Completed
ORD01948,2023-08-25,C0398,ST03,E004,Completed
ORD01949,2023-01-19,C0152,ST04,E010,Completed
ORD01950,2024-03-21,C0431,ST05,E019,Cancelled
ORD01951,2024-03-12,C0143,ST01,E026,Completed
ORD01952,2023-04-11,C0177,ST06,E039,Completed
ORD01953,2024-04-14,C0481,ST08,E020,Completed
ORD01954,2024-01-15,C0230,ST01,E026,Completed
ORD01955,2024-03-01,C0271,ST06,E005,Completed
ORD01956,2023-10-28,C0298,ST03,E028,Completed
ORD01957,2023-03-04,C0277,ST03,E004,Completed
ORD01958,2023-09-29,C0119,ST01,E013,Completed
ORD01959,2024-07-09,C0383,ST06,E018,Completed
ORD01960,2023-05-30,C0392,ST08,E002,Completed
ORD01961,2024-02-18,C0168,ST08,E001,Completed
ORD01962,2024-03-05,C0148,ST07,E014,Completed
ORD01963,2023-12-16,C0116,ST06,E040,Completed
ORD01964,2024-01-20,C0301,ST03,E004,Completed
ORD01965,2023-07-25,C0394,ST06,E040,Completed
ORD01966,2023-08-21,C0107,ST08,E020,Completed
ORD01967,2024-06-17,C0260,ST02,E008,Completed
ORD01968,2024-04-19,C0354,ST07,E007,Completed
ORD01969,2024-06-11,C0477,ST05,E022,Completed
ORD01970,2023-09-07,C0473,ST08,E023,Completed
ORD01971,2023-11-29,C0174,ST07,E007,Completed
ORD01972,2023-10-29,C0234,ST02,E008,Returned
ORD01973,2023-06-09,C0278,ST03,E028,Completed
ORD01974,2023-03-06,C0276,ST06,E040,Returned
ORD01975,2024-07-13,C0362,ST08,E029,Completed
ORD01976,2023-10-09,C0155,ST02,E008,Completed
ORD01977,2024-01-17,C0381,ST07,E003,Completed
ORD01978,2024-06-26,C0015,ST02,E008,Completed
ORD01979,2023-04-19,C0133,ST02,E008,Completed
ORD01980,2023-02-02,C0168,ST06,E018,Completed
ORD01981,2023-02-26,C0416,ST05,E037,Completed
ORD01982,2023-06-15,C0462,ST06,E018,Completed
ORD01983,2024-08-16,C0333,ST06,E040,Completed
ORD01984,2023-06-08,C0221,ST04,E035,Completed
ORD01985,2023-12-08,C0310,ST06,E005,Returned
ORD01986,2023-01-11,C0125,ST01,E036,Completed
ORD01987,2023-12-04,C0399,ST03,E028,Completed
ORD01988,2023-10-11,C0328,ST06,E018,Completed
ORD01989,2023-07-06,C0433,ST01,E016,Completed
ORD01990,2023-02-20,C0096,ST02,E008,Completed
ORD01991,2024-08-05,C0151,ST06,E018,Completed
ORD01992,2024-07-16,C0046,ST07,E003,Completed
ORD01993,2023-03-08,C0300,ST01,E017,Completed
ORD01994,2023-11-20,C0089,ST04,E033,Completed
ORD01995,2024-06-15,C0096,ST06,E032,Completed
ORD01996,2023-01-20,C0089,ST07,E003,Returned
ORD01997,2024-06-12,C0063,ST07,E007,Completed
ORD01998,2023-08-30,C0438,ST04,E010,Completed
ORD01999,2023-01-12,C0112,ST04,E010,Completed
ORD02000,2023-11-04,C0483,ST03,E028,Completed
