PaymentID,OrderID,PaymentMethod,Amount,PaymentDate
PAY00001,ORD00001,Card,1713.61,2024-05-31
PAY00002,ORD00002,Online,942.71,2023-10-04
PAY00003,ORD00003,Card,1643.28,2023-11-22
PAY00004,ORD00004,Cash,64.45,2023-04-07
PAY00005,ORD00005,Online,684.84,2024-02-10
PAY00006,ORD00006,Cash,585.1,2024-03-15
PAY00007,ORD00007,Cash,275.18,2023-06-17
PAY00008,ORD00008,Card,629.28,2023-12-22
PAY00009,ORD00009,Card,2109.09,2023-12-17
PAY00010,ORD00010,Card,1540.55,2023-11-25
PAY00011,ORD00011,Cash,310.19,2023-07-31
PAY00012,ORD00012,Card,619.26,2023-05-12
PAY00013,ORD00013,Online,853.19,2024-07-02
PAY00014,ORD00014,Card,777.21,2023-06-24
PAY00015,ORD00015,Card,1123.15,2023-08-06
PAY00016,ORD00016,Card,1284.92,2023-08-28
PAY00017,ORD00017,Card,850.74,2023-04-01
PAY00018,ORD00018,Online,1352.53,2024-07-09
PAY00019,ORD00019,Online,2180.14,2023-04-17
PAY00020,ORD00020,Card,45.88,2024-07-02
PAY00021,ORD00021,Card,1511.26,2023-04-20
PAY00022,ORD00022,Card,442.98,2023-12-24
PAY00023,ORD00023,Online,378.77,2023-04-10
PAY00024,ORD00024,Online,868.51,2024-03-11
PAY00025,ORD00025,Card,1024.13,2023-12-12
PAY00026,ORD00026,Card,1083.94,2024-04-27
PAY00027,ORD00027,Card,555.74,2023-01-17
PAY00028,ORD00028,Cash,1215.88,2023-09-19
PAY00029,ORD00029,Online,891.17,2024-01-02
PAY00030,ORD00030,Card,455.96,2024-05-27
PAY00031,ORD00031,Card,366.71,2023-03-08
PAY00032,ORD00032,Online,1293.25,2024-08-09
PAY00033,ORD00033,Card,71.78,2023-12-20
PAY00034,ORD00034,Card,978.89,2024-03-03
PAY00035,ORD00035,Online,277.39,2024-01-21
PAY00036,ORD00036,Card,76.69,2023-09-18
PAY00037,ORD00037,Online,128.27,2023-10-29
PAY00038,ORD00038,Card,762.65,2024-05-12
PAY00039,ORD00039,Cash,750.17,2023-04-11
PAY00040,ORD00040,Cash,285.1,2023-12-03
PAY00041,ORD00041,Card,1013.55,2023-07-05
PAY00042,ORD00042,Cash,1395.24,2024-05-10
PAY00043,ORD00043,Card,473.76,2023-06-21
PAY00044,ORD00044,Card,1057.62,2023-05-14
PAY00045,ORD00045,Card,608.51,2023-09-30
PAY00046,ORD00046,Card,632.43,2023-06-27
PAY00047,ORD00047,Cash,137.24,2023-04-17
PAY00048,ORD00048,Cash,1546.19,2024-03-01
PAY00049,ORD00049,Online,923.21,2024-07-09
PAY00050,ORD00050,Card,528.22,2023-06-10
PAY00051,ORD00051,Cash,1409.97,2024-08-21
PAY00052,ORD00052,Card,1757.39,2023-07-06
PAY00053,ORD00053,Cash,1403.04,2023-07-31
PAY00054,ORD00054,Card,1358.92,2024-02-23
PAY00055,ORD00055,Card,960.03,2023-11-29
PAY00056,ORD00056,Cash,1243.31,2023-08-18
PAY00057,ORD00057,Card,590.9,2024-07-17
PAY00058,ORD00058,Card,1318.99,2023-08-15
PAY00059,ORD00059,Card,154.29,2024-03-20
PAY00060,ORD00060,Online,1279.93,2024-01-16
PAY00061,ORD00061,Card,717.91,2024-02-04
PAY00062,ORD00062,Card,257.66,2023-10-23
PAY00063,ORD00063,Cash,1658.11,2023-07-06
PAY00064,ORD00064,Online,979.14,2024-07-09
PAY00065,ORD00065,Card,478.28,2023-10-15
PAY00066,ORD00066,Card,1130.3,2023-04-27
PAY00067,ORD00067,Cash,759.8,2023-05-10
PAY00068,ORD00068,Online,94.18,2023-04-19
PAY00069,ORD00069,Cash,1437.41,2024-04-17
PAY00070,ORD00070,Card,536.33,2024-05-17
PAY00071,ORD00071,Online,621.3,2024-03-20
PAY00072,ORD00072,Card,1562.93,2023-10-31
PAY00073,ORD00073,Card,1004.37,2023-08-01
PAY00074,ORD00074,Card,537.05,2024-01-26
PAY00075,ORD00075,Card,602.15,2023-02-21
PAY00076,ORD00076,Cash,949.43,2023-07-05
PAY00077,ORD00077,Card,1442.64,2023-09-26
PAY00078,ORD00078,Card,50.96,2023-08-07
PAY00079,ORD00079,Card,1601.5,2024-01-12
PAY00080,ORD00080,Card,161.46,2023-01-04
PAY00081,ORD00081,Cash,1068.18,2023-03-22
PAY00082,ORD00082,Online,1529.63,2023-06-19
PAY00083,ORD00083,Online,2539.43,2024-07-27
PAY00084,ORD00084,Online,1519.81,2024-03-03
PAY00085,ORD00085,Online,795.42,2023-12-09
PAY00086,ORD00086,Cash,826.23,2024-05-28
PAY00087,ORD00087,Online,1967.1,2023-04-25
PAY00088,ORD00088,Card,1960.72,2023-05-18
PAY00089,ORD00089,Card,770.11,2023-10-23
PAY00090,ORD00090,Online,419.2,2023-10-31
PAY00091,ORD00091,Cash,414.53,2023-10-21
PAY00092,ORD00092,Card,600.32,2024-07-25
PAY00093,ORD00093,Card,1038.0,2024-06-12
PAY00094,ORD00094,Card,226.72,2023-12-28
PAY00095,ORD00095,Cash,174.04,2023-11-18
PAY00096,ORD00096,Card,1906.31,2023-07-01
PAY00097,ORD00097,Online,89.38,2023-09-18
PAY00098,ORD00098,Online,328.28,2023-02-03
PAY00099,ORD00099,Card,242.19,2023-07-12
PAY00100,ORD00100,Online,999.97,2023-12-19
PAY00101,ORD00101,Card,760.99,2023-06-21
PAY00102,ORD00102,Cash,992.26,2024-01-04
PAY00103,ORD00103,Cash,1562.29,2023-11-13
PAY00104,ORD00104,Card,1253.81,2023-09-09
PAY00105,ORD00105,Cash,1128.38,2024-05-05
PAY00106,ORD00106,Online,136.03,2023-09-12
PAY00107,ORD00107,Cash,2075.4,2023-06-25
PAY00108,ORD00108,Card,195.94,2023-03-31
PAY00109,ORD00109,Cash,342.03,2024-06-04
PAY00110,ORD00110,Online,174.88,2023-06-13
PAY00111,ORD00111,Card,33.02,2024-06-18
PAY00112,ORD00112,Online,675.04,2024-01-12
PAY00113,ORD00113,Cash,478.98,2023-09-15
PAY00114,ORD00114,Cash,1106.2,2023-04-18
PAY00115,ORD00115,Cash,1290.35,2023-06-05
PAY00116,ORD00116,Card,422.35,2024-01-07
PAY00117,ORD00117,Online,2252.23,2023-07-26
PAY00118,ORD00118,Card,149.79,2024-03-01
PAY00119,ORD00119,Card,639.4,2023-09-21
PAY00120,ORD00120,Online,1740.85,2023-10-09
PAY00121,ORD00121,Online,756.96,2023-10-26
PAY00122,ORD00122,Card,698.61,2024-03-30
PAY00123,ORD00123,Cash,73.34,2023-09-26
PAY00124,ORD00124,Cash,422.17,2023-11-14
PAY00125,ORD00125,Card,185.69,2024-02-03
PAY00126,ORD00126,Card,82.33,2024-08-01
PAY00127,ORD00127,Online,834.23,2023-02-10
PAY00128,ORD00128,Card,717.14,2023-02-09
PAY00129,ORD00129,Online,513.08,2024-03-19
PAY00130,ORD00130,Card,794.6,2023-10-14
PAY00131,ORD00131,Online,865.19,2023-11-12
PAY00132,ORD00132,Card,546.77,2023-01-09
PAY00133,ORD00133,Cash,516.9,2023-11-14
PAY00134,ORD00134,Card,1112.75,2024-04-26
PAY00135,ORD00135,Card,737.77,2023-06-07
PAY00136,ORD00136,Online,330.08,2023-03-09
PAY00137,ORD00137,Cash,570.7,2024-03-26
PAY00138,ORD00138,Card,417.79,2023-01-05
PAY00139,ORD00139,Card,588.62,2023-06-01
PAY00140,ORD00140,Card,780.65,2023-02-19
PAY00141,ORD00141,Cash,2170.42,2023-03-27
PAY00142,ORD00142,Card,637.7,2023-10-26
PAY00143,ORD00143,Online,325.42,2023-09-19
PAY00144,ORD00144,Cash,182.8,2023-05-14
PAY00145,ORD00145,Card,67.97,2023-09-10
PAY00146,ORD00146,Card,2336.29,2023-07-25
PAY00147,ORD00147,Online,929.92,2023-08-18
PAY00148,ORD00148,Card,765.02,2024-01-21
PAY00149,ORD00149,Online,849.41,2023-04-27
PAY00150,ORD00150,Card,246.99,2023-05-20
PAY00151,ORD00151,Online,988.9,2024-05-07
PAY00152,ORD00152,Card,2669.65,2023-01-23
PAY00153,ORD00153,Cash,1022.8,2023-03-30
PAY00154,ORD00154,Card,1843.71,2024-06-08
PAY00155,ORD00155,Online,1920.46,2024-02-20
PAY00156,ORD00156,Online,497.23,2023-06-04
PAY00157,ORD00157,Cash,155.93,2023-03-13
PAY00158,ORD00158,Card,600.12,2023-02-14
PAY00159,ORD00159,Card,652.75,2023-01-23
PAY00160,ORD00160,Cash,906.66,2023-09-16
PAY00161,ORD00161,Online,791.57,2023-12-08
PAY00162,ORD00162,Online,1725.6,2024-07-18
PAY00163,ORD00163,Online,397.24,2023-10-16
PAY00164,ORD00164,Card,367.97,2024-05-08
PAY00165,ORD00165,Online,318.76,2023-06-18
PAY00166,ORD00166,Card,226.64,2023-04-19
PAY00167,ORD00167,Card,264.08,2024-06-06
PAY00168,ORD00168,Card,606.65,2024-04-18
PAY00169,ORD00169,Card,70.14,2023-01-31
PAY00170,ORD00170,Card,262.46,2024-06-18
PAY00171,ORD00171,Card,1166.78,2024-02-23
PAY00172,ORD00172,Online,174.13,2023-03-17
PAY00173,ORD00173,Cash,254.42,2024-04-28
PAY00174,ORD00174,Card,972.23,2023-10-12
PAY00175,ORD00175,Cash,325.3,2023-08-27
PAY00176,ORD00176,Cash,954.14,2023-03-30
PAY00177,ORD00177,Card,737.36,2023-05-22
PAY00178,ORD00178,Card,2291.04,2024-06-07
PAY00179,ORD00179,Card,950.0,2023-08-10
PAY00180,ORD00180,Card,578.04,2024-07-27
PAY00181,ORD00181,Card,1014.56,2024-02-07
PAY00182,ORD00182,Card,1244.82,2023-08-12
PAY00183,ORD00183,Online,411.65,2024-07-05
PAY00184,ORD00184,Card,496.75,2023-01-05
PAY00185,ORD00185,Card,2555.59,2023-01-25
PAY00186,ORD00186,Online,1199.88,2024-03-21
PAY00187,ORD00187,Online,646.83,2023-01-22
PAY00188,ORD00188,Card,466.51,2023-04-01
PAY00189,ORD00189,Cash,2328.94,2024-05-11
PAY00190,ORD00190,Online,179.78,2023-06-04
PAY00191,ORD00191,Card,896.46,2024-04-14
PAY00192,ORD00192,Online,1297.58,2023-09-05
PAY00193,ORD00193,Online,1045.49,2023-12-26
PAY00194,ORD00194,Online,958.33,2023-04-05
PAY00195,ORD00195,Cash,1092.96,2023-04-18
PAY00196,ORD00196,Cash,941.23,2023-07-08
PAY00197,ORD00197,Card,919.23,2024-01-27
PAY00198,ORD00198,Card,43.51,2023-12-15
PAY00199,ORD00199,Card,470.88,2024-03-24
PAY00200,ORD00200,Online,1097.61,2023-11-05
PAY00201,ORD00201,Card,183.06,2024-02-29
PAY00202,ORD00202,Cash,1112.0,2023-02-27
PAY00203,ORD00203,Cash,1430.31,2024-05-27
PAY00204,ORD00204,Card,577.83,2023-08-22
PAY00205,ORD00205,Card,952.87,2023-12-03
PAY00206,ORD00206,Online,232.71,2024-05-03
PAY00207,ORD00207,Card,531.16,2023-01-08
PAY00208,ORD00208,Card,78.32,2023-02-20
PAY00209,ORD00209,Online,275.0,2023-09-19
PAY00210,ORD00210,Cash,521.45,2023-01-30
PAY00211,ORD00211,Cash,835.23,2024-06-06
PAY00212,ORD00212,Online,105.51,2024-03-22
PAY00213,ORD00213,Card,527.83,2023-08-04
PAY00214,ORD00214,Online,1193.87,2024-05-13
PAY00215,ORD00215,Card,685.91,2023-06-02
PAY00216,ORD00216,Cash,2371.75,2023-06-01
PAY00217,ORD00217,Cash,593.24,2024-07-16
PAY00218,ORD00218,Card,659.7,2023-12-29
PAY00219,ORD00219,Online,871.49,2023-07-29
PAY00220,ORD00220,Card,224.49,2024-08-18
PAY00221,ORD00221,Cash,110.95,2024-03-21
PAY00222,ORD00222,Card,159.43,2024-07-20
PAY00223,ORD00223,Card,744.56,2024-01-08
PAY00224,ORD00224,Card,305.74,2023-05-18
PAY00225,ORD00225,Card,1679.0,2023-05-29
PAY00226,ORD00226,Cash,1194.87,2024-04-01
PAY00227,ORD00227,Card,625.71,2024-03-04
PAY00228,ORD00228,Card,583.43,2023-01-16
PAY00229,ORD00229,Online,812.63,2024-01-29
PAY00230,ORD00230,Card,323.62,2023-02-18
PAY00231,ORD00231,Cash,426.23,2023-11-26
PAY00232,ORD00232,Online,953.59,2024-03-01
PAY00233,ORD00233,Cash,507.64,2023-04-27
PAY00234,ORD00234,Card,1707.52,2023-05-08
PAY00235,ORD00235,Cash,1334.68,2023-02-26
PAY00236,ORD00236,Card,1518.07,2023-11-25
PAY00237,ORD00237,Online,1934.76,2024-03-05
PAY00238,ORD00238,Online,1437.51,2023-07-13
PAY00239,ORD00239,Card,351.57,2023-11-14
PAY00240,ORD00240,Cash,101.96,2024-03-28
PAY00241,ORD00241,Card,350.34,2023-03-31
PAY00242,ORD00242,Online,553.02,2024-04-23
PAY00243,ORD00243,Card,350.37,2023-07-23
PAY00244,ORD00244,Card,1167.14,2023-06-11
PAY00245,ORD00245,Online,1583.88,2023-10-21
PAY00246,ORD00246,Cash,524.65,2024-07-26
PAY00247,ORD00247,Cash,771.58,2023-01-14
PAY00248,ORD00248,Cash,372.95,2024-03-13
PAY00249,ORD00249,Online,1275.96,2024-02-22
PAY00250,ORD00250,Cash,392.4,2023-07-08
PAY00251,ORD00251,Card,71.74,2024-02-04
PAY00252,ORD00252,Cash,76.47,2023-08-07
PAY00253,ORD00253,Cash,655.11,2024-06-05
PAY00254,ORD00254,Online,1116.38,2023-06-06
PAY00255,ORD00255,Online,446.1,2023-10-26
PAY00256,ORD00256,Online,169.52,2024-04-30
PAY00257,ORD00257,Card,730.91,2024-02-01
PAY00258,ORD00258,Online,381.95,2023-01-10
PAY00259,ORD00259,Online,726.84,2023-08-12
PAY00260,ORD00260,Cash,1006.81,2023-11-19
PAY00261,ORD00261,Card,833.61,2024-03-06
PAY00262,ORD00262,Online,1126.37,2024-07-31
PAY00263,ORD00263,Card,414.87,2023-07-10
PAY00264,ORD00264,Card,520.24,2023-01-02
PAY00265,ORD00265,Card,1586.09,2023-01-21
PAY00266,ORD00266,Card,989.09,2024-05-17
PAY00267,ORD00267,Cash,1072.0,2024-05-15
PAY00268,ORD00268,Card,420.52,2023-03-22
PAY00269,ORD00269,Card,577.44,2023-05-04
PAY00270,ORD00270,Online,199.4,2023-10-21
PAY00271,ORD00271,Card,321.85,2023-04-13
PAY00272,ORD00272,Cash,553.02,2023-09-23
PAY00273,ORD00273,Online,571.83,2023-02-08
PAY00274,ORD00274,Cash,1183.54,2024-04-14
PAY00275,ORD00275,Card,170.32,2023-10-29
PAY00276,ORD00276,Card,515.45,2024-08-14
PAY00277,ORD00277,Card,1195.69,2023-01-14
PAY00278,ORD00278,Cash,28.07,2024-04-18
PAY00279,ORD00279,Cash,533.26,2023-06-23
PAY00280,ORD00280,Cash,1439.56,2024-07-22
PAY00281,ORD00281,Card,337.84,2024-03-31
PAY00282,ORD00282,Cash,675.91,2024-07-12
PAY00283,ORD00283,Cash,280.49,2024-07-08
PAY00284,ORD00284,Card,520.57,2023-11-04
PAY00285,ORD00285,Card,437.14,2023-11-28
PAY00286,ORD00286,Card,667.39,2024-07-25
PAY00287,ORD00287,Card,566.81,2024-07-23
PAY00288,ORD00288,Online,728.37,2023-08-08
PAY00289,ORD00289,Online,1055.59,2024-05-25
PAY00290,ORD00290,Cash,571.03,2024-02-08
PAY00291,ORD00291,Card,1492.87,2023-06-09
PAY00292,ORD00292,Cash,175.31,2023-09-19
PAY00293,ORD00293,Online,1762.31,2024-07-09
PAY00294,ORD00294,Cash,104.51,2023-06-08
PAY00295,ORD00295,Card,523.94,2023-03-18
PAY00296,ORD00296,Cash,148.56,2023-02-07
PAY00297,ORD00297,Card,1592.36,2023-05-06
PAY00298,ORD00298,Online,84.88,2023-12-10
PAY00299,ORD00299,Card,636.96,2023-09-22
PAY00300,ORD00300,Card,84.41,2024-02-15
PAY00301,ORD00301,Card,794.78,2024-03-03
PAY00302,ORD00302,Online,675.68,2023-07-07
PAY00303,ORD00303,Card,392.36,2023-08-01
PAY00304,ORD00304,Card,1160.71,2024-02-29
PAY00305,ORD00305,Card,80.22,2023-04-11
PAY00306,ORD00306,Online,1531.38,2024-02-15
PAY00307,ORD00307,Cash,1010.08,2024-03-30
PAY00308,ORD00308,Card,1060.45,2024-02-11
PAY00309,ORD00309,Card,44.58,2024-04-27
PAY00310,ORD00310,Cash,329.65,2024-02-05
PAY00311,ORD00311,Card,72.19,2024-08-15
PAY00312,ORD00312,Card,1326.88,2024-02-17
PAY00313,ORD00313,Card,446.18,2023-06-25
PAY00314,ORD00314,Cash,1295.34,2023-11-12
PAY00315,ORD00315,Cash,233.58,2023-11-19
PAY00316,ORD00316,Card,905.43,2024-03-20
PAY00317,ORD00317,Cash,1020.02,2024-01-30
PAY00318,ORD00318,Card,400.32,2023-04-08
PAY00319,ORD00319,Card,566.11,2023-09-06
PAY00320,ORD00320,Card,548.1,2023-04-09
PAY00321,ORD00321,Card,501.7,2023-02-04
PAY00322,ORD00322,Online,178.76,2024-08-22
PAY00323,ORD00323,Card,594.79,2023-12-15
PAY00324,ORD00324,Card,244.91,2023-05-13
PAY00325,ORD00325,Card,1091.64,2024-03-25
PAY00326,ORD00326,Card,367.93,2024-08-21
PAY00327,ORD00327,Card,378.48,2024-08-15
PAY00328,ORD00328,Card,623.84,2023-10-13
PAY00329,ORD00329,Online,1287.4,2024-02-03
PAY00330,ORD00330,Card,1434.36,2023-12-15
PAY00331,ORD00331,Card,29.36,2024-01-17
PAY00332,ORD00332,Online,1016.01,2024-06-21
PAY00333,ORD00333,Cash,1060.8,2023-04-24
PAY00334,ORD00334,Card,217.11,2023-10-31
PAY00335,ORD00335,Card,416.87,2023-01-07
PAY00336,ORD00336,Cash,39.88,2023-07-29
PAY00337,ORD00337,Cash,221.86,2024-01-29
PAY00338,ORD00338,Card,1228.68,2024-07-31
PAY00339,ORD00339,Online,1258.87,2024-03-28
PAY00340,ORD00340,Card,1549.66,2023-05-30
PAY00341,ORD00341,Online,274.25,2023-10-21
PAY00342,ORD00342,Cash,1474.08,2024-01-28
PAY00343,ORD00343,Card,1184.1,2023-11-05
PAY00344,ORD00344,Cash,729.33,2024-06-28
PAY00345,ORD00345,Card,1458.83,2024-05-10
PAY00346,ORD00346,Card,499.1,2023-12-03
PAY00347,ORD00347,Card,319.42,2023-12-21
PAY00348,ORD00348,Card,1597.82,2023-12-26
PAY00349,ORD00349,Online,550.52,2023-12-17
PAY00350,ORD00350,Card,1300.09,2023-05-13
PAY00351,ORD00351,Card,658.64,2023-03-13
PAY00352,ORD00352,Card,199.72,2024-05-05
PAY00353,ORD00353,Card,514.39,2024-04-09
PAY00354,ORD00354,Online,617.72,2023-06-26
PAY00355,ORD00355,Cash,459.18,2024-07-12
PAY00356,ORD00356,Card,843.74,2023-05-13
PAY00357,ORD00357,Card,124.26,2023-02-27
PAY00358,ORD00358,Card,1145.77,2023-11-20
PAY00359,ORD00359,Online,1296.17,2023-07-10
PAY00360,ORD00360,Card,305.17,2024-01-02
PAY00361,ORD00361,Cash,68.75,2024-08-13
PAY00362,ORD00362,Card,1014.01,2023-10-21
PAY00363,ORD00363,Cash,1384.94,2023-02-21
PAY00364,ORD00364,Card,1972.82,2024-02-10
PAY00365,ORD00365,Cash,1126.81,2023-12-09
PAY00366,ORD00366,Card,331.81,2024-05-30
PAY00367,ORD00367,Card,698.98,2024-06-12
PAY00368,ORD00368,Card,2801.42,2024-08-08
PAY00369,ORD00369,Card,843.54,2023-06-07
PAY00370,ORD00370,Card,359.56,2023-01-06
PAY00371,ORD00371,Card,156.64,2023-10-27
PAY00372,ORD00372,Card,305.87,2024-04-05
PAY00373,ORD00373,Cash,83.07,2023-03-13
PAY00374,ORD00374,Cash,521.16,2024-08-22
PAY00375,ORD00375,Online,1212.32,2023-09-26
PAY00376,ORD00376,Card,1557.49,2024-03-17
PAY00377,ORD00377,Card,2009.58,2023-07-06
PAY00378,ORD00378,Card,2671.52,2023-04-12
PAY00379,ORD00379,Card,143.83,2023-02-01
PAY00380,ORD00380,Online,1220.94,2023-02-12
PAY00381,ORD00381,Card,21.6,2023-08-02
PAY00382,ORD00382,Card,788.43,2023-12-06
PAY00383,ORD00383,Card,350.37,2023-12-24
PAY00384,ORD00384,Card,356.76,2024-03-23
PAY00385,ORD00385,Cash,566.87,2024-07-25
PAY00386,ORD00386,Online,610.12,2024-06-15
PAY00387,ORD00387,Cash,1661.36,2024-03-18
PAY00388,ORD00388,Card,2804.88,2023-09-04
PAY00389,ORD00389,Card,326.79,2024-03-06
PAY00390,ORD00390,Cash,932.29,2023-04-05
PAY00391,ORD00391,Online,574.33,2024-08-10
PAY00392,ORD00392,Card,1344.63,2024-04-17
PAY00393,ORD00393,Card,1411.41,2023-05-27
PAY00394,ORD00394,Online,315.69,2024-04-17
PAY00395,ORD00395,Online,2104.15,2024-07-17
PAY00396,ORD00396,Card,294.59,2023-05-15
PAY00397,ORD00397,Online,51.81,2024-04-17
PAY00398,ORD00398,Online,551.39,2023-07-28
PAY00399,ORD00399,Cash,1611.3,2023-12-08
PAY00400,ORD00400,Cash,387.22,2023-10-16
PAY00401,ORD00401,Cash,70.14,2023-09-26
PAY00402,ORD00402,Online,1118.35,2023-12-21
PAY00403,ORD00403,Card,1915.59,2024-08-04
PAY00404,ORD00404,Card,898.89,2024-02-25
PAY00405,ORD00405,Online,1260.26,2024-06-15
PAY00406,ORD00406,Online,868.88,2023-11-23
PAY00407,ORD00407,Card,1517.59,2024-03-30
PAY00408,ORD00408,Card,1507.04,2024-03-25
PAY00409,ORD00409,Cash,574.38,2023-12-11
PAY00410,ORD00410,Card,64.45,2023-04-08
PAY00411,ORD00411,Online,691.25,2024-04-29
PAY00412,ORD00412,Card,1176.87,2023-01-08
PAY00413,ORD00413,Online,214.16,2024-04-13
PAY00414,ORD00414,Cash,1165.76,2023-07-06
PAY00415,ORD00415,Card,186.95,2024-05-22
PAY00416,ORD00416,Online,1534.25,2024-01-11
PAY00417,ORD00417,Card,171.9,2023-03-10
PAY00418,ORD00418,Card,1517.45,2023-01-11
PAY00419,ORD00419,Cash,1597.44,2023-12-24
PAY00420,ORD00420,Online,689.26,2024-05-28
PAY00421,ORD00421,Card,69.94,2023-03-12
PAY00422,ORD00422,Card,292.49,2023-12-20
PAY00423,ORD00423,Cash,94.18,2024-07-07
PAY00424,ORD00424,Card,986.51,2024-06-17
PAY00425,ORD00425,Card,1332.22,2023-03-06
PAY00426,ORD00426,Online,1586.7,2024-04-06
PAY00427,ORD00427,Card,725.39,2023-08-26
PAY00428,ORD00428,Online,256.28,2023-09-18
PAY00429,ORD00429,Card,271.32,2023-05-07
PAY00430,ORD00430,Card,2567.24,2024-01-06
PAY00431,ORD00431,Cash,958.21,2024-08-10
PAY00432,ORD00432,Card,486.98,2023-04-22
PAY00433,ORD00433,Card,1846.16,2024-06-24
PAY00434,ORD00434,Cash,557.17,2023-11-04
PAY00435,ORD00435,Card,263.77,2023-05-15
PAY00436,ORD00436,Card,1662.06,2024-06-25
PAY00437,ORD00437,Online,828.91,2023-06-03
PAY00438,ORD00438,Card,902.85,2023-11-20
PAY00439,ORD00439,Online,22.42,2023-06-27
PAY00440,ORD00440,Cash,1429.72,2023-01-15
PAY00441,ORD00441,Card,788.9,2023-02-26
PAY00442,ORD00442,Online,822.82,2023-01-02
PAY00443,ORD00443,Cash,294.28,2024-06-05
PAY00444,ORD00444,Cash,1454.18,2023-02-17
PAY00445,ORD00445,Card,1495.14,2023-06-30
PAY00446,ORD00446,Card,875.99,2024-07-13
PAY00447,ORD00447,Card,654.64,2023-04-28
PAY00448,ORD00448,Card,1070.18,2024-06-11
PAY00449,ORD00449,Card,313.93,2023-07-27
PAY00450,ORD00450,Cash,1360.94,2024-04-20
PAY00451,ORD00451,Cash,605.34,2023-05-12
PAY00452,ORD00452,Online,99.31,2024-08-12
PAY00453,ORD00453,Cash,253.82,2024-08-07
PAY00454,ORD00454,Card,567.45,2023-07-13
PAY00455,ORD00455,Cash,1691.18,2024-02-10
PAY00456,ORD00456,Cash,1270.77,2023-08-06
PAY00457,ORD00457,Cash,1022.63,2024-03-14
PAY00458,ORD00458,Card,697.87,2023-11-18
PAY00459,ORD00459,Cash,1153.05,2023-03-29
PAY00460,ORD00460,Card,65.06,2024-07-02
PAY00461,ORD00461,Online,380.73,2023-12-05
PAY00462,ORD00462,Online,1631.71,2024-07-08
PAY00463,ORD00463,Card,217.11,2023-02-02
PAY00464,ORD00464,Card,61.81,2023-11-25
PAY00465,ORD00465,Card,315.33,2024-03-19
PAY00466,ORD00466,Card,412.14,2023-05-11
PAY00467,ORD00467,Online,65.31,2024-06-20
PAY00468,ORD00468,Card,1028.34,2024-02-05
PAY00469,ORD00469,Card,1615.58,2023-05-20
PAY00470,ORD00470,Card,215.81,2023-08-10
PAY00471,ORD00471,Cash,1590.04,2024-02-02
PAY00472,ORD00472,Cash,1626.69,2024-03-21
PAY00473,ORD00473,Online,1630.2,2023-01-03
PAY00474,ORD00474,Cash,607.55,2023-09-03
PAY00475,ORD00475,Online,702.25,2024-07-22
PAY00476,ORD00476,Online,1307.22,2024-05-11
PAY00477,ORD00477,Card,671.04,2024-05-08
PAY00478,ORD00478,Card,239.25,2023-06-09
PAY00479,ORD00479,Card,924.79,2024-01-20
PAY00480,ORD00480,Card,756.96,2024-04-30
PAY00481,ORD00481,Card,1120.0,2023-11-03
PAY00482,ORD00482,Online,695.77,2024-07-04
PAY00483,ORD00483,Card,577.04,2024-01-05
PAY00484,ORD00484,Card,1397.03,2024-04-27
PAY00485,ORD00485,Card,679.95,2024-02-24
PAY00486,ORD00486,Cash,958.37,2024-05-09
PAY00487,ORD00487,Online,1779.82,2023-07-25
PAY00488,ORD00488,Cash,11.57,2023-08-21
PAY00489,ORD00489,Card,1008.16,2023-03-07
PAY00490,ORD00490,Cash,853.92,2023-01-19
PAY00491,ORD00491,Cash,1040.88,2024-01-11
PAY00492,ORD00492,Card,1501.1,2024-01-24
PAY00493,ORD00493,Cash,1025.82,2024-04-04
PAY00494,ORD00494,Cash,1623.26,2023-11-05
PAY00495,ORD00495,Card,232.08,2024-05-09
PAY00496,ORD00496,Online,601.33,2023-12-30
PAY00497,ORD00497,Card,383.81,2023-05-04
PAY00498,ORD00498,Card,67.26,2023-12-10
PAY00499,ORD00499,Cash,432.3,2023-04-02
PAY00500,ORD00500,Card,18.34,2023-09-02
PAY00501,ORD00501,Online,737.72,2023-10-16
PAY00502,ORD00502,Card,1986.34,2023-12-22
PAY00503,ORD00503,Online,417.14,2023-08-28
PAY00504,ORD00504,Card,313.22,2024-04-07
PAY00505,ORD00505,Cash,608.68,2023-09-03
PAY00506,ORD00506,Online,1203.29,2023-06-01
PAY00507,ORD00507,Cash,712.91,2023-09-11
PAY00508,ORD00508,Cash,609.08,2023-03-22
PAY00509,ORD00509,Cash,66.85,2023-07-16
PAY00510,ORD00510,Online,1531.43,2023-10-01
PAY00511,ORD00511,Card,883.59,2023-04-11
PAY00512,ORD00512,Online,1436.7,2023-04-01
PAY00513,ORD00513,Card,29.16,2023-09-10
PAY00514,ORD00514,Card,897.65,2023-07-07
PAY00515,ORD00515,Online,604.26,2024-05-29
PAY00516,ORD00516,Card,392.4,2023-07-17
PAY00517,ORD00517,Online,454.66,2023-03-31
PAY00518,ORD00518,Cash,1429.39,2023-01-24
PAY00519,ORD00519,Cash,745.9,2024-07-14
PAY00520,ORD00520,Card,821.83,2023-03-24
PAY00521,ORD00521,Cash,323.11,2024-07-18
PAY00522,ORD00522,Cash,391.75,2023-09-25
PAY00523,ORD00523,Card,832.13,2023-06-01
PAY00524,ORD00524,Cash,1257.43,2023-02-11
PAY00525,ORD00525,Cash,609.96,2023-02-09
PAY00526,ORD00526,Card,2531.42,2024-02-25
PAY00527,ORD00527,Online,222.34,2023-10-09
PAY00528,ORD00528,Card,245.03,2023-10-02
PAY00529,ORD00529,Online,237.16,2023-12-22
PAY00530,ORD00530,Cash,443.8,2023-06-29
PAY00531,ORD00531,Card,1333.15,2024-03-23
PAY00532,ORD00532,Online,574.85,2024-03-25
PAY00533,ORD00533,Card,1166.08,2023-02-04
PAY00534,ORD00534,Card,796.32,2023-05-26
PAY00535,ORD00535,Cash,1643.89,2023-04-20
PAY00536,ORD00536,Online,49.93,2024-05-10
PAY00537,ORD00537,Cash,543.68,2024-01-30
PAY00538,ORD00538,Card,1263.62,2023-05-20
PAY00539,ORD00539,Card,444.58,2024-01-24
PAY00540,ORD00540,Card,359.88,2024-03-04
PAY00541,ORD00541,Cash,1196.15,2023-02-22
PAY00542,ORD00542,Card,751.74,2024-04-26
PAY00543,ORD00543,Cash,898.89,2023-02-18
PAY00544,ORD00544,Online,265.71,2023-07-26
PAY00545,ORD00545,Cash,2164.91,2023-04-14
PAY00546,ORD00546,Card,867.82,2024-03-06
PAY00547,ORD00547,Cash,236.93,2023-12-12
PAY00548,ORD00548,Online,804.99,2024-02-03
PAY00549,ORD00549,Cash,1860.09,2024-06-17
PAY00550,ORD00550,Card,1184.19,2024-03-29
PAY00551,ORD00551,Cash,320.48,2024-06-08
PAY00552,ORD00552,Cash,445.95,2023-01-31
PAY00553,ORD00553,Online,1762.5,2024-04-25
PAY00554,ORD00554,Card,151.58,2023-09-11
PAY00555,ORD00555,Card,1612.13,2024-08-09
PAY00556,ORD00556,Online,636.17,2023-10-08
PAY00557,ORD00557,Online,1099.85,2024-01-31
PAY00558,ORD00558,Online,889.73,2023-03-17
PAY00559,ORD00559,Cash,1115.77,2023-07-28
PAY00560,ORD00560,Cash,1132.3,2023-01-26
PAY00561,ORD00561,Card,886.18,2023-02-07
PAY00562,ORD00562,Card,1499.54,2024-01-13
PAY00563,ORD00563,Cash,42.61,2023-03-16
PAY00564,ORD00564,Cash,878.77,2023-12-28
PAY00565,ORD00565,Card,759.9,2023-06-25
PAY00566,ORD00566,Card,234.04,2023-05-28
PAY00567,ORD00567,Card,875.85,2024-08-01
PAY00568,ORD00568,Card,671.42,2023-10-10
PAY00569,ORD00569,Card,208.53,2023-03-05
PAY00570,ORD00570,Card,303.58,2024-03-17
PAY00571,ORD00571,Card,1575.0,2024-06-09
PAY00572,ORD00572,Card,1111.92,2024-08-19
PAY00573,ORD00573,Card,1526.5,2024-04-17
PAY00574,ORD00574,Online,1168.46,2024-03-19
PAY00575,ORD00575,Online,87.02,2023-09-14
PAY00576,ORD00576,Card,1383.38,2024-02-28
PAY00577,ORD00577,Online,116.88,2023-07-05
PAY00578,ORD00578,Card,274.25,2024-06-14
PAY00579,ORD00579,Card,598.68,2024-02-13
PAY00580,ORD00580,Card,368.68,2024-08-16
PAY00581,ORD00581,Online,698.02,2024-06-02
PAY00582,ORD00582,Cash,896.14,2023-07-03
PAY00583,ORD00583,Online,1232.62,2023-10-09
PAY00584,ORD00584,Online,1338.4,2023-03-01
PAY00585,ORD00585,Card,962.62,2023-05-09
PAY00586,ORD00586,Cash,765.29,2024-06-18
PAY00587,ORD00587,Cash,1667.67,2024-02-12
PAY00588,ORD00588,Card,33.13,2023-01-31
PAY00589,ORD00589,Cash,360.0,2024-04-28
PAY00590,ORD00590,Card,1059.89,2024-06-12
PAY00591,ORD00591,Online,1261.52,2023-10-11
PAY00592,ORD00592,Card,1896.15,2023-06-13
PAY00593,ORD00593,Card,124.55,2024-05-13
PAY00594,ORD00594,Card,1399.12,2023-07-07
PAY00595,ORD00595,Card,641.15,2024-04-13
PAY00596,ORD00596,Cash,1603.5,2023-10-24
PAY00597,ORD00597,Online,376.27,2024-07-23
PAY00598,ORD00598,Card,598.4,2024-03-29
PAY00599,ORD00599,Online,989.3,2023-03-30
PAY00600,ORD00600,Online,1747.0,2024-06-17
PAY00601,ORD00601,Cash,2288.29,2023-03-10
PAY00602,ORD00602,Card,161.46,2023-09-16
PAY00603,ORD00603,Card,525.34,2023-02-19
PAY00604,ORD00604,Online,243.71,2023-08-03
PAY00605,ORD00605,Card,689.88,2023-06-10
PAY00606,ORD00606,Cash,307.68,2024-01-19
PAY00607,ORD00607,Card,53.48,2023-05-21
PAY00608,ORD00608,Card,1506.37,2024-03-15
PAY00609,ORD00609,Card,25.49,2023-05-16
PAY00610,ORD00610,Card,338.26,2024-03-09
PAY00611,ORD00611,Online,96.5,2023-05-07
PAY00612,ORD00612,Cash,111.06,2023-05-15
PAY00613,ORD00613,Card,951.22,2023-09-19
PAY00614,ORD00614,Card,1464.29,2024-03-15
PAY00615,ORD00615,Card,956.98,2024-07-16
PAY00616,ORD00616,Online,1839.99,2024-01-05
PAY00617,ORD00617,Card,1062.48,2024-07-06
PAY00618,ORD00618,Card,1161.57,2023-11-17
PAY00619,ORD00619,Cash,78.11,2024-07-21
PAY00620,ORD00620,Card,657.8,2023-07-26
PAY00621,ORD00621,Card,110.33,2023-02-04
PAY00622,ORD00622,Cash,1054.25,2023-04-13
PAY00623,ORD00623,Online,1652.85,2023-03-24
PAY00624,ORD00624,Card,315.95,2023-12-19
PAY00625,ORD00625,Card,2159.36,2023-09-26
PAY00626,ORD00626,Card,67.26,2023-01-29
PAY00627,ORD00627,Card,981.98,2023-03-14
PAY00628,ORD00628,Online,1091.94,2023-04-28
PAY00629,ORD00629,Online,754.71,2024-03-29
PAY00630,ORD00630,Cash,267.57,2024-02-14
PAY00631,ORD00631,Card,347.99,2024-03-28
PAY00632,ORD00632,Card,1252.46,2024-06-21
PAY00633,ORD00633,Cash,2414.23,2024-07-23
PAY00634,ORD00634,Cash,1705.05,2023-11-04
PAY00635,ORD00635,Card,1197.27,2024-02-02
PAY00636,ORD00636,Card,519.0,2023-05-24
PAY00637,ORD00637,Cash,1406.21,2023-12-21
PAY00638,ORD00638,Cash,1118.51,2023-04-29
PAY00639,ORD00639,Cash,589.18,2024-08-06
PAY00640,ORD00640,Card,1081.51,2024-04-27
PAY00641,ORD00641,Card,640.19,2023-09-07
PAY00642,ORD00642,Online,248.74,2023-09-27
PAY00643,ORD00643,Card,261.01,2023-10-01
PAY00644,ORD00644,Card,449.2,2023-12-20
PAY00645,ORD00645,Card,411.67,2024-05-09
PAY00646,ORD00646,Card,1297.33,2023-08-31
PAY00647,ORD00647,Online,1216.08,2023-04-18
PAY00648,ORD00648,Cash,161.42,2024-02-08
PAY00649,ORD00649,Cash,278.3,2023-01-05
PAY00650,ORD00650,Card,466.43,2023-06-15
PAY00651,ORD00651,Card,462.68,2024-08-21
PAY00652,ORD00652,Online,384.26,2024-02-17
PAY00653,ORD00653,Card,1610.98,2023-05-10
PAY00654,ORD00654,Online,1112.25,2024-08-15
PAY00655,ORD00655,Card,1080.15,2023-09-16
PAY00656,ORD00656,Cash,126.96,2023-06-04
PAY00657,ORD00657,Cash,739.68,2023-11-15
PAY00658,ORD00658,Card,302.99,2024-02-04
PAY00659,ORD00659,Card,732.56,2024-07-16
PAY00660,ORD00660,Online,1847.2,2023-04-09
PAY00661,ORD00661,Card,1077.49,2023-06-07
PAY00662,ORD00662,Cash,1766.11,2023-01-30
PAY00663,ORD00663,Online,183.47,2024-06-12
PAY00664,ORD00664,Card,755.92,2023-08-14
PAY00665,ORD00665,Online,1261.76,2023-10-20
PAY00666,ORD00666,Card,1202.15,2024-08-20
PAY00667,ORD00667,Online,442.74,2024-06-18
PAY00668,ORD00668,Card,1072.14,2023-11-09
PAY00669,ORD00669,Online,1070.42,2024-05-06
PAY00670,ORD00670,Cash,75.79,2024-05-05
PAY00671,ORD00671,Cash,693.76,2023-08-11
PAY00672,ORD00672,Card,765.37,2023-12-22
PAY00673,ORD00673,Card,1179.99,2024-08-14
PAY00674,ORD00674,Online,398.45,2023-01-10
PAY00675,ORD00675,Card,347.71,2024-03-09
PAY00676,ORD00676,Card,876.19,2023-07-17
PAY00677,ORD00677,Cash,404.5,2024-02-23
PAY00678,ORD00678,Card,167.17,2023-01-01
PAY00679,ORD00679,Cash,1380.27,2023-12-16
PAY00680,ORD00680,Online,1541.78,2024-04-30
PAY00681,ORD00681,Cash,96.1,2023-06-14
PAY00682,ORD00682,Card,305.56,2024-04-11
PAY00683,ORD00683,Online,443.13,2023-03-23
PAY00684,ORD00684,Card,819.04,2023-06-10
PAY00685,ORD00685,Online,543.08,2023-02-14
PAY00686,ORD00686,Cash,1235.04,2024-05-12
PAY00687,ORD00687,Card,275.08,2023-05-26
PAY00688,ORD00688,Online,794.03,2023-01-01
PAY00689,ORD00689,Cash,807.51,2023-12-28
PAY00690,ORD00690,Card,778.55,2024-05-28
PAY00691,ORD00691,Cash,115.44,2023-02-23
PAY00692,ORD00692,Online,848.14,2023-03-13
PAY00693,ORD00693,Card,100.58,2023-01-17
PAY00694,ORD00694,Card,34.74,2023-06-07
PAY00695,ORD00695,Online,1179.73,2024-02-29
PAY00696,ORD00696,Card,595.11,2023-10-21
PAY00697,ORD00697,Card,906.99,2023-08-11
PAY00698,ORD00698,Card,378.28,2023-03-25
PAY00699,ORD00699,Card,928.77,2024-01-24
PAY00700,ORD00700,Online,1190.76,2024-06-26
PAY00701,ORD00701,Cash,391.55,2023-04-26
PAY00702,ORD00702,Card,741.02,2023-07-15
PAY00703,ORD00703,Cash,936.61,2023-03-19
PAY00704,ORD00704,Online,748.78,2024-05-09
PAY00705,ORD00705,Card,920.04,2023-03-09
PAY00706,ORD00706,Card,1339.0,2024-06-16
PAY00707,ORD00707,Card,245.51,2024-01-24
PAY00708,ORD00708,Online,935.7,2023-05-01
PAY00709,ORD00709,Online,371.4,2023-08-10
PAY00710,ORD00710,Online,869.13,2023-04-07
PAY00711,ORD00711,Card,312.86,2024-07-07
PAY00712,ORD00712,Cash,1297.53,2023-02-02
PAY00713,ORD00713,Cash,996.1,2024-08-17
PAY00714,ORD00714,Card,947.93,2024-04-11
PAY00715,ORD00715,Card,1342.87,2024-07-22
PAY00716,ORD00716,Online,317.06,2023-02-03
PAY00717,ORD00717,Card,80.73,2023-11-03
PAY00718,ORD00718,Online,1294.03,2024-07-20
PAY00719,ORD00719,Card,2729.08,2023-12-28
PAY00720,ORD00720,Card,630.65,2023-07-20
PAY00721,ORD00721,Card,134.73,2023-01-19
PAY00722,ORD00722,Card,1085.42,2023-10-11
PAY00723,ORD00723,Online,1966.01,2023-08-25
PAY00724,ORD00724,Card,228.53,2024-05-09
PAY00725,ORD00725,Cash,723.64,2023-04-28
PAY00726,ORD00726,Cash,801.41,2023-11-03
PAY00727,ORD00727,Cash,574.87,2024-07-17
PAY00728,ORD00728,Card,442.92,2023-08-14
PAY00729,ORD00729,Card,136.67,2023-09-18
PAY00730,ORD00730,Card,748.11,2023-05-29
PAY00731,ORD00731,Cash,1333.15,2023-06-09
PAY00732,ORD00732,Card,969.68,2024-01-31
PAY00733,ORD00733,Cash,786.25,2023-10-10
PAY00734,ORD00734,Card,42.38,2023-02-28
PAY00735,ORD00735,Card,31.09,2023-04-28
PAY00736,ORD00736,Card,351.57,2024-01-21
PAY00737,ORD00737,Cash,982.45,2023-09-14
PAY00738,ORD00738,Card,545.46,2024-06-02
PAY00739,ORD00739,Card,1005.53,2023-07-03
PAY00740,ORD00740,Card,1033.98,2024-07-17
PAY00741,ORD00741,Card,93.04,2023-12-31
PAY00742,ORD00742,Online,801.86,2023-03-09
PAY00743,ORD00743,Card,962.73,2023-12-02
PAY00744,ORD00744,Online,63.72,2024-02-17
PAY00745,ORD00745,Card,357.55,2023-04-13
PAY00746,ORD00746,Cash,346.82,2023-06-25
PAY00747,ORD00747,Online,1050.06,2024-01-29
PAY00748,ORD00748,Cash,1390.4,2023-05-09
PAY00749,ORD00749,Card,74.1,2023-09-23
PAY00750,ORD00750,Cash,971.92,2023-04-14
PAY00751,ORD00751,Cash,99.27,2024-08-07
PAY00752,ORD00752,Cash,1881.55,2024-01-07
PAY00753,ORD00753,Cash,654.0,2023-11-18
PAY00754,ORD00754,Cash,240.87,2023-03-30
PAY00755,ORD00755,Card,920.84,2023-09-23
PAY00756,ORD00756,Cash,817.47,2024-01-14
PAY00757,ORD00757,Cash,889.0,2023-02-05
PAY00758,ORD00758,Card,210.43,2023-06-06
PAY00759,ORD00759,Card,1137.78,2023-12-01
PAY00760,ORD00760,Card,685.61,2024-03-09
PAY00761,ORD00761,Card,68.7,2023-06-12
PAY00762,ORD00762,Card,641.67,2023-06-15
PAY00763,ORD00763,Card,985.05,2023-05-08
PAY00764,ORD00764,Card,964.63,2023-01-09
PAY00765,ORD00765,Card,1659.97,2024-03-17
PAY00766,ORD00766,Card,215.84,2024-07-04
PAY00767,ORD00767,Card,572.37,2024-07-22
PAY00768,ORD00768,Cash,1894.52,2023-08-15
PAY00769,ORD00769,Cash,1177.53,2023-02-21
PAY00770,ORD00770,Online,224.49,2023-06-04
PAY00771,ORD00771,Card,849.9,2023-06-21
PAY00772,ORD00772,Card,1485.34,2023-10-26
PAY00773,ORD00773,Card,244.62,2023-04-14
PAY00774,ORD00774,Card,1742.58,2024-03-17
PAY00775,ORD00775,Online,1052.23,2023-04-03
PAY00776,ORD00776,Card,524.62,2024-05-28
PAY00777,ORD00777,Online,1613.07,2024-06-30
PAY00778,ORD00778,Card,1268.17,2024-07-31
PAY00779,ORD00779,Cash,233.58,2024-03-08
PAY00780,ORD00780,Online,749.89,2024-03-28
PAY00781,ORD00781,Card,368.11,2023-10-28
PAY00782,ORD00782,Card,290.73,2024-06-01
PAY00783,ORD00783,Card,2299.37,2023-09-02
PAY00784,ORD00784,Card,902.02,2023-04-21
PAY00785,ORD00785,Cash,34.54,2024-07-26
PAY00786,ORD00786,Card,702.7,2023-04-12
PAY00787,ORD00787,Cash,1322.14,2024-02-20
PAY00788,ORD00788,Online,1704.83,2024-08-20
PAY00789,ORD00789,Cash,2696.55,2023-07-19
PAY00790,ORD00790,Card,1614.29,2024-05-26
PAY00791,ORD00791,Cash,10.8,2023-06-11
PAY00792,ORD00792,Card,382.34,2023-09-27
PAY00793,ORD00793,Card,362.59,2023-07-19
PAY00794,ORD00794,Card,881.77,2023-01-30
PAY00795,ORD00795,Card,1824.05,2023-06-07
PAY00796,ORD00796,Card,579.73,2024-03-10
PAY00797,ORD00797,Cash,421.27,2023-06-19
PAY00798,ORD00798,Card,149.93,2023-03-22
PAY00799,ORD00799,Online,1125.53,2023-03-19
PAY00800,ORD00800,Cash,1622.71,2023-05-02
PAY00801,ORD00801,Online,740.54,2023-08-26
PAY00802,ORD00802,Online,194.94,2023-02-08
PAY00803,ORD00803,Online,1449.92,2023-05-21
PAY00804,ORD00804,Online,2027.86,2023-02-22
PAY00805,ORD00805,Card,1824.34,2023-10-24
PAY00806,ORD00806,Cash,520.91,2023-11-29
PAY00807,ORD00807,Card,1841.79,2024-01-02
PAY00808,ORD00808,Card,728.74,2023-05-15
PAY00809,ORD00809,Card,109.03,2023-11-24
PAY00810,ORD00810,Card,274.4,2024-08-21
PAY00811,ORD00811,Cash,352.31,2024-06-02
PAY00812,ORD00812,Cash,185.62,2023-07-23
PAY00813,ORD00813,Card,914.98,2023-05-22
PAY00814,ORD00814,Card,365.57,2023-04-21
PAY00815,ORD00815,Card,549.78,2024-03-12
PAY00816,ORD00816,Cash,59.77,2023-03-03
PAY00817,ORD00817,Card,1100.27,2023-06-26
PAY00818,ORD00818,Online,2712.74,2024-04-14
PAY00819,ORD00819,Card,9.18,2023-02-11
PAY00820,ORD00820,Card,1266.66,2023-10-19
PAY00821,ORD00821,Card,722.95,2023-02-08
PAY00822,ORD00822,Card,566.49,2024-01-02
PAY00823,ORD00823,Online,923.6,2023-05-04
PAY00824,ORD00824,Card,647.86,2024-06-17
PAY00825,ORD00825,Online,777.75,2024-03-04
PAY00826,ORD00826,Online,865.43,2023-12-15
PAY00827,ORD00827,Cash,870.8,2023-02-11
PAY00828,ORD00828,Card,939.99,2024-04-28
PAY00829,ORD00829,Cash,890.88,2023-10-31
PAY00830,ORD00830,Cash,1424.24,2023-10-08
PAY00831,ORD00831,Cash,657.31,2023-12-13
PAY00832,ORD00832,Online,1621.26,2024-02-09
PAY00833,ORD00833,Card,191.68,2023-06-03
PAY00834,ORD00834,Card,537.88,2024-06-21
PAY00835,ORD00835,Card,284.62,2023-06-28
PAY00836,ORD00836,Card,1010.47,2023-05-31
PAY00837,ORD00837,Card,1351.08,2023-09-06
PAY00838,ORD00838,Card,579.03,2024-08-16
PAY00839,ORD00839,Card,782.2,2023-12-07
PAY00840,ORD00840,Online,2072.39,2023-01-27
PAY00841,ORD00841,Cash,763.07,2023-09-22
PAY00842,ORD00842,Online,306.14,2023-04-23
PAY00843,ORD00843,Card,1205.39,2023-12-15
PAY00844,ORD00844,Cash,635.42,2023-07-08
PAY00845,ORD00845,Online,1668.7,2023-09-24
PAY00846,ORD00846,Online,64.42,2024-08-15
PAY00847,ORD00847,Card,169.76,2023-07-06
PAY00848,ORD00848,Online,1187.71,2024-04-19
PAY00849,ORD00849,Card,1154.7,2023-10-03
PAY00850,ORD00850,Card,1050.34,2023-04-16
PAY00851,ORD00851,Card,748.82,2024-04-12
PAY00852,ORD00852,Card,141.13,2024-06-01
PAY00853,ORD00853,Cash,327.09,2023-08-13
PAY00854,ORD00854,Card,987.66,2023-10-30
PAY00855,ORD00855,Cash,407.44,2024-01-03
PAY00856,ORD00856,Card,1069.13,2024-04-03
PAY00857,ORD00857,Online,1692.42,2023-09-12
PAY00858,ORD00858,Cash,1963.88,2024-01-12
PAY00859,ORD00859,Card,98.83,2024-02-17
PAY00860,ORD00860,Card,531.58,2024-01-23
PAY00861,ORD00861,Online,241.13,2024-05-01
PAY00862,ORD00862,Cash,791.03,2024-02-25
PAY00863,ORD00863,Cash,2207.97,2023-05-11
PAY00864,ORD00864,Cash,527.95,2023-07-04
PAY00865,ORD00865,Card,1183.05,2024-03-30
PAY00866,ORD00866,Card,2114.78,2024-07-21
PAY00867,ORD00867,Card,1298.1,2024-03-31
PAY00868,ORD00868,Online,1021.42,2023-12-27
PAY00869,ORD00869,Card,2617.97,2023-09-02
PAY00870,ORD00870,Online,632.57,2023-12-15
PAY00871,ORD00871,Cash,1400.67,2023-04-15
PAY00872,ORD00872,Card,80.27,2024-08-21
PAY00873,ORD00873,Cash,344.63,2024-01-16
PAY00874,ORD00874,Cash,513.08,2023-12-16
PAY00875,ORD00875,Cash,1005.73,2023-08-11
PAY00876,ORD00876,Cash,691.23,2023-10-15
PAY00877,ORD00877,Card,997.63,2023-10-17
PAY00878,ORD00878,Online,747.68,2023-04-12
PAY00879,ORD00879,Card,242.28,2023-04-29
PAY00880,ORD00880,Card,113.59,2023-05-31
PAY00881,ORD00881,Card,846.29,2023-04-07
PAY00882,ORD00882,Cash,510.95,2023-01-31
PAY00883,ORD00883,Card,184.34,2023-11-01
PAY00884,ORD00884,Card,800.64,2023-10-23
PAY00885,ORD00885,Cash,590.53,2023-11-26
PAY00886,ORD00886,Online,301.14,2023-07-31
PAY00887,ORD00887,Online,1400.2,2023-08-03
PAY00888,ORD00888,Cash,655.16,2024-08-05
PAY00889,ORD00889,Card,145.31,2023-04-06
PAY00890,ORD00890,Cash,582.3,2024-02-20
PAY00891,ORD00891,Cash,467.8,2023-02-10
PAY00892,ORD00892,Online,994.6,2024-02-21
PAY00893,ORD00893,Online,624.12,2024-04-10
PAY00894,ORD00894,Card,370.48,2023-02-12
PAY00895,ORD00895,Cash,723.9,2023-08-12
PAY00896,ORD00896,Card,557.56,2023-07-10
PAY00897,ORD00897,Cash,934.92,2023-03-21
PAY00898,ORD00898,Cash,2115.74,2023-03-07
PAY00899,ORD00899,Online,76.18,2023-11-27
PAY00900,ORD00900,Card,791.27,2024-05-07
PAY00901,ORD00901,Online,99.61,2024-05-15
PAY00902,ORD00902,Card,1581.62,2023-10-18
PAY00903,ORD00903,Card,2019.7,2023-10-09
PAY00904,ORD00904,Card,1834.14,2023-08-12
PAY00905,ORD00905,Card,1232.77,2024-06-22
PAY00906,ORD00906,Online,1382.67,2023-06-23
PAY00907,ORD00907,Card,1779.32,2024-02-29
PAY00908,ORD00908,Cash,981.45,2023-05-01
PAY00909,ORD00909,Cash,869.19,2023-07-17
PAY00910,ORD00910,Cash,253.24,2024-07-10
PAY00911,ORD00911,Card,1501.52,2024-01-11
PAY00912,ORD00912,Card,1314.49,2023-02-19
PAY00913,ORD00913,Card,966.64,2023-07-16
PAY00914,ORD00914,Online,189.43,2023-09-29
PAY00915,ORD00915,Card,405.46,2023-04-08
PAY00916,ORD00916,Card,892.77,2024-02-11
PAY00917,ORD00917,Card,736.42,2023-01-20
PAY00918,ORD00918,Cash,1564.96,2024-03-25
PAY00919,ORD00919,Card,965.38,2024-05-17
PAY00920,ORD00920,Card,831.14,2024-07-01
PAY00921,ORD00921,Card,1284.38,2023-01-27
PAY00922,ORD00922,Card,507.44,2023-04-03
PAY00923,ORD00923,Cash,199.4,2023-09-21
PAY00924,ORD00924,Online,481.52,2023-03-29
PAY00925,ORD00925,Cash,390.54,2023-02-18
PAY00926,ORD00926,Card,184.05,2023-02-27
PAY00927,ORD00927,Online,851.04,2023-04-14
PAY00928,ORD00928,Online,222.66,2023-10-08
PAY00929,ORD00929,Online,185.62,2023-07-28
PAY00930,ORD00930,Card,730.77,2023-06-01
PAY00931,ORD00931,Online,1244.69,2023-03-10
PAY00932,ORD00932,Cash,919.32,2024-07-29
PAY00933,ORD00933,Card,667.1,2023-05-16
PAY00934,ORD00934,Card,841.41,2023-07-21
PAY00935,ORD00935,Online,333.32,2023-01-10
PAY00936,ORD00936,Card,458.42,2023-01-12
PAY00937,ORD00937,Online,344.41,2023-11-10
PAY00938,ORD00938,Online,984.54,2024-04-07
PAY00939,ORD00939,Card,2213.83,2023-05-14
PAY00940,ORD00940,Cash,957.3,2023-10-21
PAY00941,ORD00941,Card,378.88,2023-11-01
PAY00942,ORD00942,Card,230.31,2023-08-11
PAY00943,ORD00943,Card,1854.85,2024-02-19
PAY00944,ORD00944,Cash,768.32,2024-02-09
PAY00945,ORD00945,Cash,169.46,2023-10-23
PAY00946,ORD00946,Card,314.01,2024-07-11
PAY00947,ORD00947,Online,394.01,2023-04-23
PAY00948,ORD00948,Card,434.86,2023-10-09
PAY00949,ORD00949,Card,981.45,2023-06-16
PAY00950,ORD00950,Card,1570.59,2024-03-01
PAY00951,ORD00951,Card,1720.34,2023-07-26
PAY00952,ORD00952,Online,865.49,2023-10-29
PAY00953,ORD00953,Card,239.97,2024-04-21
PAY00954,ORD00954,Card,629.21,2023-12-06
PAY00955,ORD00955,Online,18.36,2024-07-20
PAY00956,ORD00956,Card,193.15,2023-12-08
PAY00957,ORD00957,Cash,120.08,2024-08-10
PAY00958,ORD00958,Cash,876.94,2023-05-23
PAY00959,ORD00959,Cash,489.33,2024-04-02
PAY00960,ORD00960,Online,1097.39,2024-05-26
PAY00961,ORD00961,Cash,719.24,2024-08-14
PAY00962,ORD00962,Card,903.79,2023-05-19
PAY00963,ORD00963,Online,1190.18,2023-06-23
PAY00964,ORD00964,Online,473.42,2024-04-28
PAY00965,ORD00965,Online,1675.81,2023-06-29
PAY00966,ORD00966,Online,428.11,2024-04-24
PAY00967,ORD00967,Cash,257.87,2023-05-28
PAY00968,ORD00968,Cash,686.79,2023-07-12
PAY00969,ORD00969,Card,399.29,2023-07-13
PAY00970,ORD00970,Card,2019.77,2024-05-06
PAY00971,ORD00971,Cash,1229.25,2024-02-10
PAY00972,ORD00972,Cash,104.6,2023-10-24
PAY00973,ORD00973,Online,1189.57,2023-02-03
PAY00974,ORD00974,Cash,2061.84,2024-07-05
PAY00975,ORD00975,Card,333.84,2023-08-16
PAY00976,ORD00976,Cash,148.32,2024-03-13
PAY00977,ORD00977,Card,187.99,2023-08-01
PAY00978,ORD00978,Card,1278.7,2024-08-21
PAY00979,ORD00979,Card,990.74,2024-06-12
PAY00980,ORD00980,Card,412.55,2023-03-02
PAY00981,ORD00981,Card,977.42,2023-03-13
PAY00982,ORD00982,Card,770.87,2023-03-15
PAY00983,ORD00983,Card,16.51,2024-04-13
PAY00984,ORD00984,Card,445.95,2024-04-08
PAY00985,ORD00985,Cash,985.61,2023-09-28
PAY00986,ORD00986,Online,956.77,2023-07-05
PAY00987,ORD00987,Card,1168.22,2024-02-15
PAY00988,ORD00988,Cash,855.8,2024-04-09
PAY00989,ORD00989,Cash,1321.53,2023-05-28
PAY00990,ORD00990,Card,1318.26,2024-02-17
PAY00991,ORD00991,Online,97.95,2024-01-18
PAY00992,ORD00992,Card,616.95,2023-09-18
PAY00993,ORD00993,Card,420.88,2023-03-24
PAY00994,ORD00994,Online,168.92,2024-03-21
PAY00995,ORD00995,Cash,902.26,2023-04-05
PAY00996,ORD00996,Cash,397.09,2023-07-13
PAY00997,ORD00997,Cash,167.55,2024-02-29
PAY00998,ORD00998,Card,749.55,2023-08-28
PAY00999,ORD00999,Cash,588.87,2023-10-02
PAY01000,ORD01000,Online,141.55,2024-03-06
PAY01001,ORD01001,Card,258.97,2023-01-04
PAY01002,ORD01002,Cash,205.8,2023-07-15
PAY01003,ORD01003,Online,610.46,2023-05-03
PAY01004,ORD01004,Online,862.05,2023-04-05
PAY01005,ORD01005,Cash,527.76,2023-11-23
PAY01006,ORD01006,Card,2757.07,2024-04-16
PAY01007,ORD01007,Online,2419.68,2023-03-23
PAY01008,ORD01008,Card,888.05,2023-03-17
PAY01009,ORD01009,Card,1039.27,2023-06-11
PAY01010,ORD01010,Online,1590.57,2023-02-05
PAY01011,ORD01011,Online,655.99,2024-04-26
PAY01012,ORD01012,Online,1534.37,2023-03-25
PAY01013,ORD01013,Card,908.93,2024-04-14
PAY01014,ORD01014,Card,453.68,2023-08-20
PAY01015,ORD01015,Card,232.72,2024-06-30
PAY01016,ORD01016,Card,234.99,2023-06-23
PAY01017,ORD01017,Card,1392.1,2023-07-23
PAY01018,ORD01018,Card,867.91,2024-07-12
PAY01019,ORD01019,Card,2040.73,2023-09-26
PAY01020,ORD01020,Cash,659.18,2023-01-10
PAY01021,ORD01021,Cash,1366.74,2024-01-06
PAY01022,ORD01022,Card,799.34,2023-03-25
PAY01023,ORD01023,Card,261.48,2024-07-10
PAY01024,ORD01024,Online,1553.05,2023-06-11
PAY01025,ORD01025,Card,18.34,2023-12-19
PAY01026,ORD01026,Cash,1123.73,2023-03-11
PAY01027,ORD01027,Cash,504.92,2024-06-06
PAY01028,ORD01028,Cash,222.66,2023-09-09
PAY01029,ORD01029,Cash,329.01,2024-06-25
PAY01030,ORD01030,Card,391.43,2023-03-15
PAY01031,ORD01031,Card,1284.01,2023-08-01
PAY01032,ORD01032,Card,621.0,2024-06-15
PAY01033,ORD01033,Card,1538.76,2023-06-03
PAY01034,ORD01034,Cash,214.4,2024-05-15
PAY01035,ORD01035,Card,1698.82,2024-06-16
PAY01036,ORD01036,Card,1005.96,2023-04-14
PAY01037,ORD01037,Card,667.2,2023-11-03
PAY01038,ORD01038,Online,789.95,2024-05-20
PAY01039,ORD01039,Card,725.36,2024-06-26
PAY01040,ORD01040,Cash,142.16,2024-08-04
PAY01041,ORD01041,Online,842.28,2023-02-04
PAY01042,ORD01042,Card,424.71,2024-02-13
PAY01043,ORD01043,Cash,349.29,2023-10-12
PAY01044,ORD01044,Cash,1037.16,2023-03-02
PAY01045,ORD01045,Cash,243.71,2023-12-29
PAY01046,ORD01046,Card,167.02,2023-12-09
PAY01047,ORD01047,Card,511.29,2023-04-23
PAY01048,ORD01048,Card,82.55,2024-05-06
PAY01049,ORD01049,Cash,1329.08,2023-02-04
PAY01050,ORD01050,Card,391.73,2024-02-10
PAY01051,ORD01051,Cash,788.32,2024-05-06
PAY01052,ORD01052,Card,17.27,2024-08-07
PAY01053,ORD01053,Online,329.32,2023-06-18
PAY01054,ORD01054,Online,448.57,2023-07-21
PAY01055,ORD01055,Cash,964.93,2024-07-23
PAY01056,ORD01056,Card,814.38,2024-02-24
PAY01057,ORD01057,Card,1769.49,2023-12-09
PAY01058,ORD01058,Card,176.9,2023-01-23
PAY01059,ORD01059,Card,1618.09,2023-04-07
PAY01060,ORD01060,Card,96.29,2023-01-26
PAY01061,ORD01061,Cash,21.98,2024-03-22
PAY01062,ORD01062,Card,1912.58,2024-02-20
PAY01063,ORD01063,Card,667.2,2024-03-25
PAY01064,ORD01064,Card,979.25,2023-07-27
PAY01065,ORD01065,Cash,736.85,2023-05-05
PAY01066,ORD01066,Cash,327.25,2023-03-08
PAY01067,ORD01067,Card,1056.07,2023-06-01
PAY01068,ORD01068,Cash,689.26,2023-04-08
PAY01069,ORD01069,Card,533.26,2023-10-09
PAY01070,ORD01070,Cash,1703.48,2024-03-28
PAY01071,ORD01071,Card,1300.79,2023-09-19
PAY01072,ORD01072,Online,2032.67,2023-03-13
PAY01073,ORD01073,Cash,457.64,2023-01-17
PAY01074,ORD01074,Card,663.62,2023-08-24
PAY01075,ORD01075,Cash,395.86,2024-05-03
PAY01076,ORD01076,Online,298.92,2024-01-01
PAY01077,ORD01077,Card,1051.66,2023-03-04
PAY01078,ORD01078,Online,1655.41,2023-03-03
PAY01079,ORD01079,Card,752.35,2023-11-16
PAY01080,ORD01080,Card,1781.45,2024-03-30
PAY01081,ORD01081,Card,545.4,2023-10-28
PAY01082,ORD01082,Online,1043.89,2023-03-20
PAY01083,ORD01083,Online,1926.86,2023-10-24
PAY01084,ORD01084,Card,172.27,2023-01-23
PAY01085,ORD01085,Card,754.91,2024-05-28
PAY01086,ORD01086,Cash,1232.03,2023-07-18
PAY01087,ORD01087,Online,1211.53,2023-06-14
PAY01088,ORD01088,Online,1781.82,2024-05-01
PAY01089,ORD01089,Card,756.57,2023-08-11
PAY01090,ORD01090,Online,38.6,2024-05-06
PAY01091,ORD01091,Card,1325.03,2023-03-06
PAY01092,ORD01092,Card,1072.14,2024-02-07
PAY01093,ORD01093,Online,1840.67,2023-06-25
PAY01094,ORD01094,Cash,922.49,2023-09-06
PAY01095,ORD01095,Online,290.03,2023-05-13
PAY01096,ORD01096,Online,125.51,2023-08-25
PAY01097,ORD01097,Card,478.82,2023-12-01
PAY01098,ORD01098,Cash,1173.55,2024-08-03
PAY01099,ORD01099,Card,1061.77,2024-05-24
PAY01100,ORD01100,Cash,457.64,2023-04-12
PAY01101,ORD01101,Cash,1539.42,2024-02-14
PAY01102,ORD01102,Cash,1187.27,2023-03-12
PAY01103,ORD01103,Card,317.86,2023-12-26
PAY01104,ORD01104,Card,178.76,2024-08-04
PAY01105,ORD01105,Card,193.13,2023-02-15
PAY01106,ORD01106,Card,243.71,2024-06-29
PAY01107,ORD01107,Card,402.46,2023-03-22
PAY01108,ORD01108,Card,571.16,2023-08-14
PAY01109,ORD01109,Online,748.44,2023-11-15
PAY01110,ORD01110,Card,491.32,2024-03-28
PAY01111,ORD01111,Online,28.07,2024-03-24
PAY01112,ORD01112,Card,354.28,2023-10-31
PAY01113,ORD01113,Card,493.05,2024-06-14
PAY01114,ORD01114,Online,1226.71,2023-05-25
PAY01115,ORD01115,Card,417.96,2023-01-19
PAY01116,ORD01116,Card,927.3,2023-11-11
PAY01117,ORD01117,Card,837.01,2024-07-10
PAY01118,ORD01118,Online,306.14,2023-01-30
PAY01119,ORD01119,Card,911.49,2024-01-25
PAY01120,ORD01120,Card,1148.73,2024-03-14
PAY01121,ORD01121,Card,57.9,2023-08-02
PAY01122,ORD01122,Card,283.03,2023-08-02
PAY01123,ORD01123,Online,1175.66,2024-06-04
PAY01124,ORD01124,Online,939.44,2024-07-04
PAY01125,ORD01125,Card,1342.86,2023-12-11
PAY01126,ORD01126,Online,1050.25,2024-03-25
PAY01127,ORD01127,Card,1671.2,2024-04-05
PAY01128,ORD01128,Card,1674.24,2024-03-21
PAY01129,ORD01129,Online,803.33,2024-08-18
PAY01130,ORD01130,Card,234.88,2023-10-04
PAY01131,ORD01131,Card,941.12,2024-02-20
PAY01132,ORD01132,Online,435.04,2023-11-13
PAY01133,ORD01133,Cash,354.28,2023-01-21
PAY01134,ORD01134,Card,1075.28,2023-09-28
PAY01135,ORD01135,Card,104.91,2023-01-07
PAY01136,ORD01136,Cash,44.58,2023-01-28
PAY01137,ORD01137,Card,2317.44,2023-08-10
PAY01138,ORD01138,Online,1233.11,2023-06-17
PAY01139,ORD01139,Cash,1217.31,2023-04-24
PAY01140,ORD01140,Card,431.49,2023-07-03
PAY01141,ORD01141,Online,777.64,2024-07-16
PAY01142,ORD01142,Online,503.91,2023-09-05
PAY01143,ORD01143,Online,967.86,2023-12-15
PAY01144,ORD01144,Card,833.74,2023-08-18
PAY01145,ORD01145,Online,1269.4,2024-06-27
PAY01146,ORD01146,Card,82.52,2024-03-04
PAY01147,ORD01147,Card,830.08,2024-01-08
PAY01148,ORD01148,Card,768.96,2023-03-13
PAY01149,ORD01149,Card,876.29,2023-03-22
PAY01150,ORD01150,Card,399.32,2023-11-29
PAY01151,ORD01151,Card,1314.33,2023-07-28
PAY01152,ORD01152,Cash,380.46,2024-03-21
PAY01153,ORD01153,Online,751.22,2024-07-06
PAY01154,ORD01154,Card,1557.36,2023-05-21
PAY01155,ORD01155,Card,805.09,2024-07-01
PAY01156,ORD01156,Cash,608.11,2023-02-23
PAY01157,ORD01157,Card,117.02,2023-03-13
PAY01158,ORD01158,Card,513.08,2024-01-24
PAY01159,ORD01159,Card,728.64,2023-01-07
PAY01160,ORD01160,Cash,583.17,2024-06-20
PAY01161,ORD01161,Card,542.6,2023-04-20
PAY01162,ORD01162,Online,596.03,2024-08-12
PAY01163,ORD01163,Online,1206.16,2024-02-22
PAY01164,ORD01164,Cash,1434.67,2023-05-29
PAY01165,ORD01165,Card,740.97,2023-10-05
PAY01166,ORD01166,Card,232.39,2023-11-20
PAY01167,ORD01167,Card,450.24,2023-08-10
PAY01168,ORD01168,Online,2013.6,2023-12-11
PAY01169,ORD01169,Cash,169.0,2023-03-02
PAY01170,ORD01170,Card,464.38,2023-11-06
PAY01171,ORD01171,Online,913.59,2023-07-12
PAY01172,ORD01172,Online,2320.93,2023-02-23
PAY01173,ORD01173,Cash,656.52,2023-08-10
PAY01174,ORD01174,Online,896.94,2023-07-17
PAY01175,ORD01175,Card,654.67,2024-02-08
PAY01176,ORD01176,Cash,168.83,2023-08-29
PAY01177,ORD01177,Cash,1656.01,2023-11-22
PAY01178,ORD01178,Online,2108.36,2024-03-03
PAY01179,ORD01179,Card,128.84,2023-10-29
PAY01180,ORD01180,Cash,920.71,2024-02-24
PAY01181,ORD01181,Online,591.3,2024-04-05
PAY01182,ORD01182,Cash,73.97,2023-02-05
PAY01183,ORD01183,Cash,711.74,2023-06-03
PAY01184,ORD01184,Cash,451.15,2024-07-18
PAY01185,ORD01185,Card,526.23,2023-09-01
PAY01186,ORD01186,Online,584.15,2023-06-17
PAY01187,ORD01187,Card,692.3,2024-06-04
PAY01188,ORD01188,Card,1672.35,2024-04-26
PAY01189,ORD01189,Card,664.28,2024-01-25
PAY01190,ORD01190,Card,1335.93,2023-12-24
PAY01191,ORD01191,Card,820.8,2023-03-26
PAY01192,ORD01192,Online,147.57,2024-05-24
PAY01193,ORD01193,Cash,217.55,2023-09-13
PAY01194,ORD01194,Card,1166.0,2023-02-26
PAY01195,ORD01195,Card,1430.5,2024-02-03
PAY01196,ORD01196,Online,55.53,2023-11-06
PAY01197,ORD01197,Card,687.27,2024-06-20
PAY01198,ORD01198,Card,231.49,2024-08-20
PAY01199,ORD01199,Cash,1575.13,2023-06-04
PAY01200,ORD01200,Card,833.53,2023-03-28
PAY01201,ORD01201,Card,378.47,2024-08-18
PAY01202,ORD01202,Online,2245.98,2024-06-13
PAY01203,ORD01203,Online,820.7,2023-05-01
PAY01204,ORD01204,Cash,1959.1,2023-05-06
PAY01205,ORD01205,Online,64.45,2024-01-30
PAY01206,ORD01206,Card,419.88,2024-04-22
PAY01207,ORD01207,Cash,229.98,2023-12-12
PAY01208,ORD01208,Online,104.91,2023-06-12
PAY01209,ORD01209,Card,216.9,2024-02-14
PAY01210,ORD01210,Cash,835.73,2023-08-18
PAY01211,ORD01211,Online,1017.6,2024-01-04
PAY01212,ORD01212,Cash,1716.58,2023-01-26
PAY01213,ORD01213,Card,714.3,2024-02-18
PAY01214,ORD01214,Cash,498.06,2023-08-28
PAY01215,ORD01215,Card,359.43,2023-11-11
PAY01216,ORD01216,Cash,669.57,2023-08-05
PAY01217,ORD01217,Card,1189.21,2024-04-19
PAY01218,ORD01218,Card,1272.25,2023-05-24
PAY01219,ORD01219,Online,49.17,2023-12-08
PAY01220,ORD01220,Card,645.88,2024-04-12
PAY01221,ORD01221,Cash,955.6,2024-08-22
PAY01222,ORD01222,Card,796.75,2024-02-17
PAY01223,ORD01223,Online,117.72,2023-05-01
PAY01224,ORD01224,Card,956.23,2023-05-17
PAY01225,ORD01225,Card,985.73,2023-06-30
PAY01226,ORD01226,Card,1265.3,2023-01-31
PAY01227,ORD01227,Online,466.38,2023-08-29
PAY01228,ORD01228,Card,329.31,2023-09-19
PAY01229,ORD01229,Cash,1327.22,2024-03-27
PAY01230,ORD01230,Card,380.88,2024-06-08
PAY01231,ORD01231,Card,438.57,2024-08-15
PAY01232,ORD01232,Online,898.96,2024-01-23
PAY01233,ORD01233,Card,1255.64,2024-08-11
PAY01234,ORD01234,Online,234.64,2023-08-01
PAY01235,ORD01235,Card,1162.68,2023-07-07
PAY01236,ORD01236,Card,86.67,2023-03-16
PAY01237,ORD01237,Card,673.28,2023-12-18
PAY01238,ORD01238,Card,988.22,2023-11-15
PAY01239,ORD01239,Card,875.53,2023-09-29
PAY01240,ORD01240,Cash,224.49,2024-02-12
PAY01241,ORD01241,Online,184.05,2023-03-10
PAY01242,ORD01242,Online,332.81,2024-03-07
PAY01243,ORD01243,Card,1376.77,2023-06-11
PAY01244,ORD01244,Card,234.38,2024-02-08
PAY01245,ORD01245,Card,961.58,2023-12-25
PAY01246,ORD01246,Card,329.32,2023-09-10
PAY01247,ORD01247,Card,421.89,2023-11-02
PAY01248,ORD01248,Cash,616.97,2024-02-03
PAY01249,ORD01249,Cash,2434.54,2024-05-15
PAY01250,ORD01250,Card,425.06,2024-03-18
PAY01251,ORD01251,Card,360.0,2023-03-26
PAY01252,ORD01252,Cash,1000.8,2024-06-17
PAY01253,ORD01253,Cash,1330.87,2023-06-10
PAY01254,ORD01254,Cash,664.94,2023-03-08
PAY01255,ORD01255,Online,2471.14,2023-05-15
PAY01256,ORD01256,Cash,755.44,2023-12-15
PAY01257,ORD01257,Cash,904.4,2023-07-20
PAY01258,ORD01258,Card,887.81,2024-05-03
PAY01259,ORD01259,Card,1680.12,2023-03-12
PAY01260,ORD01260,Card,351.97,2023-10-04
PAY01261,ORD01261,Online,1476.2,2023-08-21
PAY01262,ORD01262,Online,471.72,2024-04-10
PAY01263,ORD01263,Card,753.05,2023-06-19
PAY01264,ORD01264,Cash,1330.35,2024-03-14
PAY01265,ORD01265,Cash,1284.26,2023-05-30
PAY01266,ORD01266,Card,1241.71,2023-02-24
PAY01267,ORD01267,Card,1450.63,2023-09-06
PAY01268,ORD01268,Online,419.15,2023-07-11
PAY01269,ORD01269,Card,312.7,2024-08-16
PAY01270,ORD01270,Cash,1023.06,2023-10-02
PAY01271,ORD01271,Card,246.99,2024-03-29
PAY01272,ORD01272,Cash,1156.1,2023-05-17
PAY01273,ORD01273,Cash,1258.86,2023-03-13
PAY01274,ORD01274,Card,975.89,2024-05-13
PAY01275,ORD01275,Card,70.17,2023-04-25
PAY01276,ORD01276,Online,246.77,2024-02-01
PAY01277,ORD01277,Cash,432.94,2023-09-13
PAY01278,ORD01278,Card,507.62,2023-08-01
PAY01279,ORD01279,Card,1266.5,2024-08-15
PAY01280,ORD01280,Online,105.47,2023-09-21
PAY01281,ORD01281,Card,1749.65,2023-12-10
PAY01282,ORD01282,Cash,1110.11,2023-10-27
PAY01283,ORD01283,Cash,450.6,2023-03-04
PAY01284,ORD01284,Card,222.8,2024-02-05
PAY01285,ORD01285,Online,159.52,2023-07-02
PAY01286,ORD01286,Card,1808.88,2023-01-26
PAY01287,ORD01287,Online,1358.79,2024-07-13
PAY01288,ORD01288,Cash,432.01,2023-11-20
PAY01289,ORD01289,Online,1798.87,2024-03-20
PAY01290,ORD01290,Online,913.13,2023-12-30
PAY01291,ORD01291,Online,477.15,2024-06-22
PAY01292,ORD01292,Online,1301.44,2023-12-11
PAY01293,ORD01293,Online,1450.29,2023-12-07
PAY01294,ORD01294,Card,599.12,2023-05-02
PAY01295,ORD01295,Cash,569.52,2024-04-13
PAY01296,ORD01296,Online,1356.63,2024-06-20
PAY01297,ORD01297,Card,525.37,2023-07-04
PAY01298,ORD01298,Online,1457.99,2023-02-25
PAY01299,ORD01299,Card,751.39,2023-01-12
PAY01300,ORD01300,Card,1647.0,2024-06-25
PAY01301,ORD01301,Online,969.06,2023-04-20
PAY01302,ORD01302,Card,395.32,2023-04-10
PAY01303,ORD01303,Online,728.96,2023-01-28
PAY01304,ORD01304,Cash,1539.99,2023-07-05
PAY01305,ORD01305,Online,695.47,2023-11-28
PAY01306,ORD01306,Online,987.34,2024-01-13
PAY01307,ORD01307,Card,288.84,2023-06-22
PAY01308,ORD01308,Card,117.19,2023-04-28
PAY01309,ORD01309,Card,949.75,2023-08-13
PAY01310,ORD01310,Cash,737.4,2023-07-20
PAY01311,ORD01311,Online,462.63,2023-10-09
PAY01312,ORD01312,Card,1413.13,2023-12-02
PAY01313,ORD01313,Cash,752.27,2023-10-10
PAY01314,ORD01314,Cash,498.06,2023-04-16
PAY01315,ORD01315,Card,1421.65,2024-04-04
PAY01316,ORD01316,Online,974.74,2023-06-02
PAY01317,ORD01317,Card,404.63,2023-04-18
PAY01318,ORD01318,Cash,233.65,2023-04-04
PAY01319,ORD01319,Cash,512.85,2023-06-07
PAY01320,ORD01320,Online,244.91,2023-10-23
PAY01321,ORD01321,Cash,1098.72,2023-01-08
PAY01322,ORD01322,Cash,261.37,2024-07-23
PAY01323,ORD01323,Cash,283.03,2023-03-30
PAY01324,ORD01324,Cash,1525.69,2023-03-23
PAY01325,ORD01325,Online,850.5,2023-10-06
PAY01326,ORD01326,Online,1889.17,2023-09-18
PAY01327,ORD01327,Cash,947.03,2023-09-07
PAY01328,ORD01328,Cash,560.53,2024-04-22
PAY01329,ORD01329,Card,87.71,2024-02-11
PAY01330,ORD01330,Card,611.04,2024-04-29
PAY01331,ORD01331,Online,567.72,2024-01-20
PAY01332,ORD01332,Online,1312.17,2024-05-28
PAY01333,ORD01333,Card,2286.88,2023-07-19
PAY01334,ORD01334,Card,206.25,2023-10-30
PAY01335,ORD01335,Card,371.4,2024-07-06
PAY01336,ORD01336,Card,323.77,2023-02-27
PAY01337,ORD01337,Card,448.32,2023-01-31
PAY01338,ORD01338,Cash,2613.25,2023-06-26
PAY01339,ORD01339,Card,806.21,2023-09-12
PAY01340,ORD01340,Cash,587.98,2024-05-29
PAY01341,ORD01341,Online,1565.22,2023-05-11
PAY01342,ORD01342,Cash,1156.65,2023-06-06
PAY01343,ORD01343,Card,1284.6,2023-11-09
PAY01344,ORD01344,Cash,727.55,2023-09-01
PAY01345,ORD01345,Cash,1015.57,2023-12-30
PAY01346,ORD01346,Card,2565.41,2024-03-26
PAY01347,ORD01347,Cash,304.06,2023-12-23
PAY01348,ORD01348,Cash,546.72,2023-08-10
PAY01349,ORD01349,Online,1495.98,2024-06-19
PAY01350,ORD01350,Online,1546.85,2023-03-21
PAY01351,ORD01351,Online,145.11,2023-11-05
PAY01352,ORD01352,Card,1172.15,2023-03-28
PAY01353,ORD01353,Card,487.02,2023-05-10
PAY01354,ORD01354,Cash,1448.12,2024-02-16
PAY01355,ORD01355,Cash,141.55,2023-08-02
PAY01356,ORD01356,Card,57.9,2023-10-02
PAY01357,ORD01357,Cash,2202.91,2023-11-01
PAY01358,ORD01358,Cash,1708.97,2023-11-29
PAY01359,ORD01359,Card,720.03,2023-03-05
PAY01360,ORD01360,Cash,1369.53,2023-01-31
PAY01361,ORD01361,Cash,427.6,2023-03-21
PAY01362,ORD01362,Card,1648.69,2024-04-01
PAY01363,ORD01363,Cash,31.56,2023-11-10
PAY01364,ORD01364,Card,489.05,2023-05-14
PAY01365,ORD01365,Card,961.88,2024-02-08
PAY01366,ORD01366,Card,1752.65,2023-06-05
PAY01367,ORD01367,Online,1276.72,2023-11-27
PAY01368,ORD01368,Online,422.59,2024-07-19
PAY01369,ORD01369,Cash,263.95,2024-05-05
PAY01370,ORD01370,Card,305.06,2023-07-05
PAY01371,ORD01371,Cash,44.58,2024-03-29
PAY01372,ORD01372,Card,1038.0,2023-11-23
PAY01373,ORD01373,Card,625.71,2023-10-12
PAY01374,ORD01374,Cash,802.6,2024-08-12
PAY01375,ORD01375,Card,982.78,2024-05-15
PAY01376,ORD01376,Online,55.53,2024-08-13
PAY01377,ORD01377,Cash,1839.48,2023-09-19
PAY01378,ORD01378,Card,931.75,2023-09-25
PAY01379,ORD01379,Cash,505.96,2023-02-24
PAY01380,ORD01380,Card,253.82,2023-02-02
PAY01381,ORD01381,Card,2142.21,2023-09-22
PAY01382,ORD01382,Cash,1548.22,2024-06-08
PAY01383,ORD01383,Cash,155.93,2024-02-18
PAY01384,ORD01384,Cash,199.22,2023-06-20
PAY01385,ORD01385,Online,1444.95,2023-11-08
PAY01386,ORD01386,Card,896.56,2024-03-15
PAY01387,ORD01387,Cash,904.47,2023-01-22
PAY01388,ORD01388,Card,237.1,2024-06-16
PAY01389,ORD01389,Online,2009.97,2023-03-02
PAY01390,ORD01390,Card,482.86,2024-08-08
PAY01391,ORD01391,Online,760.01,2023-10-18
PAY01392,ORD01392,Online,1822.9,2023-02-03
PAY01393,ORD01393,Card,540.18,2023-08-08
PAY01394,ORD01394,Cash,936.51,2023-10-16
PAY01395,ORD01395,Cash,924.38,2023-03-13
PAY01396,ORD01396,Online,277.88,2023-12-08
PAY01397,ORD01397,Card,704.49,2023-03-30
PAY01398,ORD01398,Card,74.73,2023-04-24
PAY01399,ORD01399,Online,368.59,2023-03-14
PAY01400,ORD01400,Card,1316.26,2024-04-06
PAY01401,ORD01401,Online,137.54,2024-07-01
PAY01402,ORD01402,Card,704.52,2023-02-23
PAY01403,ORD01403,Cash,36.98,2024-08-22
PAY01404,ORD01404,Cash,190.0,2024-06-01
PAY01405,ORD01405,Card,1641.31,2024-01-06
PAY01406,ORD01406,Card,272.99,2023-11-01
PAY01407,ORD01407,Card,622.09,2024-05-25
PAY01408,ORD01408,Card,178.18,2024-04-30
PAY01409,ORD01409,Card,714.5,2023-05-23
PAY01410,ORD01410,Online,254.42,2023-02-13
PAY01411,ORD01411,Card,640.91,2023-12-16
PAY01412,ORD01412,Card,62.92,2023-11-10
PAY01413,ORD01413,Card,1227.96,2023-05-15
PAY01414,ORD01414,Card,85.47,2023-08-27
PAY01415,ORD01415,Cash,305.06,2023-11-24
PAY01416,ORD01416,Online,1456.67,2023-11-18
PAY01417,ORD01417,Card,238.54,2024-04-15
PAY01418,ORD01418,Card,816.7,2023-11-24
PAY01419,ORD01419,Online,1476.62,2024-03-27
PAY01420,ORD01420,Card,757.24,2023-04-19
PAY01421,ORD01421,Card,1121.43,2023-03-24
PAY01422,ORD01422,Card,500.96,2023-07-07
PAY01423,ORD01423,Cash,284.72,2023-01-20
PAY01424,ORD01424,Online,397.24,2023-09-04
PAY01425,ORD01425,Card,818.84,2023-05-16
PAY01426,ORD01426,Card,1042.66,2023-10-18
PAY01427,ORD01427,Card,333.69,2024-05-25
PAY01428,ORD01428,Cash,743.52,2023-04-13
PAY01429,ORD01429,Card,393.74,2023-01-15
PAY01430,ORD01430,Online,438.43,2023-08-09
PAY01431,ORD01431,Cash,967.22,2023-07-19
PAY01432,ORD01432,Online,1009.93,2024-08-17
PAY01433,ORD01433,Cash,274.4,2023-12-28
PAY01434,ORD01434,Online,505.69,2023-04-12
PAY01435,ORD01435,Cash,570.0,2023-08-25
PAY01436,ORD01436,Online,949.75,2023-04-21
PAY01437,ORD01437,Card,1567.29,2023-03-07
PAY01438,ORD01438,Cash,914.93,2023-08-01
PAY01439,ORD01439,Card,320.53,2024-04-24
PAY01440,ORD01440,Cash,1488.35,2023-07-27
PAY01441,ORD01441,Card,1696.0,2024-01-08
PAY01442,ORD01442,Cash,169.13,2023-06-28
PAY01443,ORD01443,Online,820.18,2023-06-28
PAY01444,ORD01444,Cash,899.07,2024-06-29
PAY01445,ORD01445,Card,663.61,2023-05-24
PAY01446,ORD01446,Card,1199.84,2023-12-28
PAY01447,ORD01447,Card,403.78,2024-08-10
PAY01448,ORD01448,Card,1721.03,2024-01-10
PAY01449,ORD01449,Cash,380.14,2024-03-27
PAY01450,ORD01450,Online,1072.73,2024-05-26
PAY01451,ORD01451,Card,2069.19,2023-09-10
PAY01452,ORD01452,Cash,75.79,2024-01-13
PAY01453,ORD01453,Card,772.33,2023-09-16
PAY01454,ORD01454,Card,180.44,2024-06-06
PAY01455,ORD01455,Online,603.53,2023-04-25
PAY01456,ORD01456,Card,385.36,2023-12-04
PAY01457,ORD01457,Card,225.99,2023-01-27
PAY01458,ORD01458,Card,199.22,2023-08-20
PAY01459,ORD01459,Card,166.59,2024-01-01
PAY01460,ORD01460,Card,885.59,2023-02-17
PAY01461,ORD01461,Card,1029.55,2024-07-27
PAY01462,ORD01462,Cash,471.73,2023-04-07
PAY01463,ORD01463,Cash,925.17,2023-06-09
PAY01464,ORD01464,Card,283.66,2023-09-15
PAY01465,ORD01465,Cash,1244.7,2023-11-27
PAY01466,ORD01466,Cash,232.86,2023-12-28
PAY01467,ORD01467,Card,1596.84,2024-04-28
PAY01468,ORD01468,Online,2428.92,2023-09-09
PAY01469,ORD01469,Online,2340.88,2024-05-19
PAY01470,ORD01470,Cash,902.26,2024-03-28
PAY01471,ORD01471,Card,336.31,2023-12-02
PAY01472,ORD01472,Cash,1269.63,2024-08-21
PAY01473,ORD01473,Cash,333.69,2024-07-12
PAY01474,ORD01474,Card,524.84,2023-12-13
PAY01475,ORD01475,Online,1052.48,2023-04-12
PAY01476,ORD01476,Card,602.28,2023-02-10
PAY01477,ORD01477,Online,337.84,2023-04-12
PAY01478,ORD01478,Online,1731.52,2024-06-28
PAY01479,ORD01479,Card,1092.92,2024-02-22
PAY01480,ORD01480,Card,228.2,2024-01-17
PAY01481,ORD01481,Card,622.63,2023-03-19
PAY01482,ORD01482,Card,532.97,2023-09-27
PAY01483,ORD01483,Card,880.5,2023-07-06
PAY01484,ORD01484,Online,1493.9,2023-10-09
PAY01485,ORD01485,Cash,314.68,2024-07-14
PAY01486,ORD01486,Card,906.71,2024-05-30
PAY01487,ORD01487,Card,117.11,2024-06-08
PAY01488,ORD01488,Online,643.42,2024-03-10
PAY01489,ORD01489,Cash,827.1,2024-04-16
PAY01490,ORD01490,Cash,1216.12,2024-08-11
PAY01491,ORD01491,Card,1038.0,2024-05-16
PAY01492,ORD01492,Online,260.67,2024-02-13
PAY01493,ORD01493,Card,1753.63,2023-05-31
PAY01494,ORD01494,Card,439.04,2023-08-14
PAY01495,ORD01495,Card,256.39,2023-07-16
PAY01496,ORD01496,Card,590.8,2023-07-10
PAY01497,ORD01497,Cash,441.09,2023-01-18
PAY01498,ORD01498,Card,588.87,2023-06-16
PAY01499,ORD01499,Cash,974.65,2023-12-05
PAY01500,ORD01500,Online,669.35,2023-03-14
PAY01501,ORD01501,Online,926.86,2023-02-01
PAY01502,ORD01502,Cash,836.98,2024-03-11
PAY01503,ORD01503,Cash,769.52,2023-10-21
PAY01504,ORD01504,Card,172.21,2023-05-22
PAY01505,ORD01505,Card,1308.82,2023-04-27
PAY01506,ORD01506,Cash,312.03,2024-01-21
PAY01507,ORD01507,Card,67.26,2023-11-04
PAY01508,ORD01508,Card,118.32,2023-05-17
PAY01509,ORD01509,Card,383.47,2024-07-30
PAY01510,ORD01510,Card,1139.28,2024-04-21
PAY01511,ORD01511,Cash,1527.83,2023-02-27
PAY01512,ORD01512,Cash,1475.69,2023-12-21
PAY01513,ORD01513,Online,686.38,2023-04-22
PAY01514,ORD01514,Card,73.4,2024-05-12
PAY01515,ORD01515,Card,744.51,2023-06-24
PAY01516,ORD01516,Card,517.34,2024-01-24
PAY01517,ORD01517,Online,1229.62,2023-03-22
PAY01518,ORD01518,Card,216.05,2023-10-11
PAY01519,ORD01519,Card,194.59,2023-05-16
PAY01520,ORD01520,Cash,822.34,2023-02-17
PAY01521,ORD01521,Cash,217.87,2023-11-21
PAY01522,ORD01522,Cash,1605.11,2024-08-15
PAY01523,ORD01523,Online,1015.0,2023-09-04
PAY01524,ORD01524,Card,904.8,2024-07-02
PAY01525,ORD01525,Cash,49.53,2023-04-15
PAY01526,ORD01526,Online,1071.0,2024-04-12
PAY01527,ORD01527,Cash,1735.2,2023-06-19
PAY01528,ORD01528,Cash,1345.65,2023-04-28
PAY01529,ORD01529,Card,14.68,2024-02-29
PAY01530,ORD01530,Card,642.11,2024-08-17
PAY01531,ORD01531,Cash,2481.74,2023-01-08
PAY01532,ORD01532,Card,909.05,2023-06-23
PAY01533,ORD01533,Card,667.2,2023-10-30
PAY01534,ORD01534,Cash,861.85,2023-11-22
PAY01535,ORD01535,Online,1692.04,2023-06-03
PAY01536,ORD01536,Card,1413.38,2023-01-23
PAY01537,ORD01537,Online,740.86,2024-01-05
PAY01538,ORD01538,Card,1255.77,2023-07-25
PAY01539,ORD01539,Card,65.62,2023-09-20
PAY01540,ORD01540,Card,1625.04,2023-07-24
PAY01541,ORD01541,Cash,1479.3,2024-05-18
PAY01542,ORD01542,Cash,1057.25,2023-08-08
PAY01543,ORD01543,Online,288.13,2023-04-27
PAY01544,ORD01544,Online,117.9,2023-07-03
PAY01545,ORD01545,Card,1406.71,2023-11-27
PAY01546,ORD01546,Online,380.0,2023-10-06
PAY01547,ORD01547,Card,553.34,2024-01-15
PAY01548,ORD01548,Online,1960.76,2024-01-07
PAY01549,ORD01549,Card,410.96,2023-07-02
PAY01550,ORD01550,Card,986.0,2023-02-23
PAY01551,ORD01551,Online,577.88,2023-12-24
PAY01552,ORD01552,Cash,1715.22,2023-01-16
PAY01553,ORD01553,Online,1211.4,2024-06-22
PAY01554,ORD01554,Card,544.5,2023-04-08
PAY01555,ORD01555,Online,898.89,2023-10-13
PAY01556,ORD01556,Cash,275.0,2024-03-06
PAY01557,ORD01557,Cash,1300.27,2024-05-12
PAY01558,ORD01558,Online,997.13,2023-01-05
PAY01559,ORD01559,Card,1289.38,2024-01-29
PAY01560,ORD01560,Card,257.69,2023-03-14
PAY01561,ORD01561,Cash,700.23,2023-02-25
PAY01562,ORD01562,Card,1657.57,2023-05-23
PAY01563,ORD01563,Card,632.6,2023-02-23
PAY01564,ORD01564,Card,1290.23,2023-12-12
PAY01565,ORD01565,Card,540.76,2023-08-01
PAY01566,ORD01566,Online,566.08,2023-04-20
PAY01567,ORD01567,Card,297.93,2023-10-12
PAY01568,ORD01568,Cash,221.74,2023-08-31
PAY01569,ORD01569,Card,385.36,2023-09-28
PAY01570,ORD01570,Card,328.12,2023-01-31
PAY01571,ORD01571,Card,1003.6,2024-07-27
PAY01572,ORD01572,Online,260.47,2023-10-01
PAY01573,ORD01573,Online,762.17,2023-12-11
PAY01574,ORD01574,Card,1144.15,2023-06-23
PAY01575,ORD01575,Online,42.44,2023-11-29
PAY01576,ORD01576,Card,567.02,2023-02-03
PAY01577,ORD01577,Online,760.89,2023-07-27
PAY01578,ORD01578,Card,849.74,2023-02-26
PAY01579,ORD01579,Card,1805.81,2023-06-23
PAY01580,ORD01580,Online,510.95,2023-08-23
PAY01581,ORD01581,Cash,1328.69,2023-09-03
PAY01582,ORD01582,Card,84.94,2024-07-15
PAY01583,ORD01583,Card,1701.62,2024-01-29
PAY01584,ORD01584,Cash,117.02,2024-02-14
PAY01585,ORD01585,Cash,21.67,2023-09-30
PAY01586,ORD01586,Online,345.69,2023-03-20
PAY01587,ORD01587,Card,301.5,2023-08-14
PAY01588,ORD01588,Cash,512.12,2023-12-27
PAY01589,ORD01589,Cash,1647.18,2023-03-31
PAY01590,ORD01590,Cash,611.61,2023-08-06
PAY01591,ORD01591,Card,806.64,2023-12-03
PAY01592,ORD01592,Online,494.03,2023-10-10
PAY01593,ORD01593,Card,1021.27,2024-07-04
PAY01594,ORD01594,Card,653.69,2023-09-13
PAY01595,ORD01595,Online,584.07,2023-11-21
PAY01596,ORD01596,Card,173.41,2023-08-25
PAY01597,ORD01597,Card,1652.34,2023-07-27
PAY01598,ORD01598,Cash,1636.33,2024-05-17
PAY01599,ORD01599,Online,1746.82,2023-03-08
PAY01600,ORD01600,Cash,148.56,2023-07-04
PAY01601,ORD01601,Card,1318.21,2024-08-14
PAY01602,ORD01602,Online,1769.14,2023-06-11
PAY01603,ORD01603,Online,601.64,2024-05-09
PAY01604,ORD01604,Cash,638.2,2023-09-09
PAY01605,ORD01605,Card,1128.2,2024-03-04
PAY01606,ORD01606,Cash,72.96,2023-07-27
PAY01607,ORD01607,Online,1036.31,2023-02-16
PAY01608,ORD01608,Cash,552.46,2024-05-19
PAY01609,ORD01609,Card,1703.48,2023-12-10
PAY01610,ORD01610,Card,1083.98,2023-02-22
PAY01611,ORD01611,Online,652.84,2024-08-14
PAY01612,ORD01612,Card,292.72,2023-05-22
PAY01613,ORD01613,Online,688.79,2023-08-27
PAY01614,ORD01614,Online,1211.65,2023-03-24
PAY01615,ORD01615,Online,493.05,2023-08-30
PAY01616,ORD01616,Cash,269.45,2024-06-05
PAY01617,ORD01617,Card,957.43,2023-02-16
PAY01618,ORD01618,Card,1579.82,2023-12-24
PAY01619,ORD01619,Online,584.92,2024-04-29
PAY01620,ORD01620,Card,51.81,2024-05-31
PAY01621,ORD01621,Online,274.5,2024-02-17
PAY01622,ORD01622,Card,728.15,2023-11-15
PAY01623,ORD01623,Cash,392.48,2023-01-25
PAY01624,ORD01624,Online,899.45,2024-06-09
PAY01625,ORD01625,Card,1637.58,2023-08-03
PAY01626,ORD01626,Card,448.3,2024-04-26
PAY01627,ORD01627,Cash,113.65,2023-09-25
PAY01628,ORD01628,Online,641.6,2024-06-17
PAY01629,ORD01629,Online,32.97,2023-04-27
PAY01630,ORD01630,Card,1076.8,2023-05-18
PAY01631,ORD01631,Online,946.33,2023-12-27
PAY01632,ORD01632,Card,328.42,2023-01-20
PAY01633,ORD01633,Online,908.8,2023-12-05
PAY01634,ORD01634,Cash,1576.89,2023-07-08
PAY01635,ORD01635,Card,467.37,2024-01-18
PAY01636,ORD01636,Card,82.02,2023-11-27
PAY01637,ORD01637,Cash,1041.19,2023-11-15
PAY01638,ORD01638,Card,499.79,2023-09-01
PAY01639,ORD01639,Card,996.05,2024-08-22
PAY01640,ORD01640,Card,528.46,2023-01-20
PAY01641,ORD01641,Card,349.29,2023-12-05
PAY01642,ORD01642,Card,1348.68,2023-07-23
PAY01643,ORD01643,Cash,68.62,2023-12-09
PAY01644,ORD01644,Card,634.55,2023-06-08
PAY01645,ORD01645,Card,586.56,2023-06-21
PAY01646,ORD01646,Cash,1140.88,2023-02-10
PAY01647,ORD01647,Cash,1224.9,2024-02-25
PAY01648,ORD01648,Card,694.56,2023-12-20
PAY01649,ORD01649,Online,1200.56,2023-07-14
PAY01650,ORD01650,Online,1435.56,2023-11-30
PAY01651,ORD01651,Card,881.16,2023-07-19
PAY01652,ORD01652,Cash,1823.47,2023-02-16
PAY01653,ORD01653,Cash,667.2,2024-07-21
PAY01654,ORD01654,Online,915.28,2023-10-03
PAY01655,ORD01655,Cash,1200.04,2024-04-30
PAY01656,ORD01656,Online,84.93,2024-05-10
PAY01657,ORD01657,Online,234.86,2023-07-08
PAY01658,ORD01658,Card,799.62,2023-04-28
PAY01659,ORD01659,Card,320.3,2024-04-07
PAY01660,ORD01660,Card,357.66,2023-06-04
PAY01661,ORD01661,Cash,3107.57,2024-06-19
PAY01662,ORD01662,Card,957.33,2024-03-13
PAY01663,ORD01663,Card,1712.86,2023-03-27
PAY01664,ORD01664,Online,69.94,2024-04-14
PAY01665,ORD01665,Card,790.99,2023-12-07
PAY01666,ORD01666,Cash,1856.85,2023-02-27
PAY01667,ORD01667,Card,459.09,2023-07-24
PAY01668,ORD01668,Online,123.61,2023-03-04
PAY01669,ORD01669,Card,1838.5,2024-03-20
PAY01670,ORD01670,Online,813.35,2024-03-19
PAY01671,ORD01671,Card,2193.46,2023-04-16
PAY01672,ORD01672,Cash,187.36,2024-02-25
PAY01673,ORD01673,Online,777.1,2024-06-12
PAY01674,ORD01674,Card,807.6,2024-05-28
PAY01675,ORD01675,Card,188.8,2024-02-18
PAY01676,ORD01676,Card,685.05,2023-04-03
PAY01677,ORD01677,Card,339.61,2023-05-10
PAY01678,ORD01678,Card,222.4,2024-03-17
PAY01679,ORD01679,Card,253.82,2023-09-25
PAY01680,ORD01680,Card,1051.08,2023-12-16
PAY01681,ORD01681,Card,216.39,2023-11-18
PAY01682,ORD01682,Card,387.06,2024-08-12
PAY01683,ORD01683,Cash,836.64,2024-03-13
PAY01684,ORD01684,Card,573.5,2024-01-18
PAY01685,ORD01685,Card,626.05,2023-09-13
PAY01686,ORD01686,Online,216.63,2024-03-16
PAY01687,ORD01687,Card,1156.93,2024-06-30
PAY01688,ORD01688,Card,1276.4,2023-06-30
PAY01689,ORD01689,Card,222.4,2024-07-15
PAY01690,ORD01690,Card,647.28,2024-06-29
PAY01691,ORD01691,Card,332.4,2023-01-16
PAY01692,ORD01692,Card,1244.55,2024-06-24
PAY01693,ORD01693,Card,1074.65,2024-06-28
PAY01694,ORD01694,Card,1845.3,2024-07-20
PAY01695,ORD01695,Cash,1449.54,2023-10-20
PAY01696,ORD01696,Online,354.37,2023-07-05
PAY01697,ORD01697,Card,376.8,2023-10-01
PAY01698,ORD01698,Card,568.15,2024-01-23
PAY01699,ORD01699,Card,254.42,2023-12-03
PAY01700,ORD01700,Cash,1222.52,2024-05-01
PAY01701,ORD01701,Card,197.27,2023-01-28
PAY01702,ORD01702,Cash,398.66,2023-12-31
PAY01703,ORD01703,Card,1903.0,2024-03-29
PAY01704,ORD01704,Online,667.2,2023-09-16
PAY01705,ORD01705,Online,291.05,2024-06-30
PAY01706,ORD01706,Cash,618.39,2023-06-12
PAY01707,ORD01707,Cash,621.91,2024-03-23
PAY01708,ORD01708,Cash,1194.22,2023-04-09
PAY01709,ORD01709,Card,961.9,2023-11-07
PAY01710,ORD01710,Card,529.98,2024-06-17
PAY01711,ORD01711,Card,46.28,2023-07-08
PAY01712,ORD01712,Online,739.33,2023-06-25
PAY01713,ORD01713,Card,566.67,2023-05-01
PAY01714,ORD01714,Online,1732.64,2024-07-18
PAY01715,ORD01715,Card,310.67,2024-06-13
PAY01716,ORD01716,Card,923.1,2023-03-12
PAY01717,ORD01717,Card,1418.24,2023-01-10
PAY01718,ORD01718,Cash,1211.29,2024-01-26
PAY01719,ORD01719,Card,188.14,2023-03-31
PAY01720,ORD01720,Card,1488.4,2023-11-04
PAY01721,ORD01721,Cash,1412.65,2024-06-09
PAY01722,ORD01722,Online,957.16,2023-03-21
PAY01723,ORD01723,Card,1138.74,2023-09-01
PAY01724,ORD01724,Online,1470.88,2024-05-12
PAY01725,ORD01725,Card,636.04,2024-07-22
PAY01726,ORD01726,Card,896.61,2023-10-28
PAY01727,ORD01727,Card,226.47,2023-01-21
PAY01728,ORD01728,Card,354.16,2023-04-03
PAY01729,ORD01729,Cash,1239.8,2023-03-10
PAY01730,ORD01730,Online,804.81,2023-02-13
PAY01731,ORD01731,Cash,1063.47,2024-07-11
PAY01732,ORD01732,Card,1775.01,2023-08-06
PAY01733,ORD01733,Card,1781.92,2024-01-30
PAY01734,ORD01734,Cash,1823.66,2023-05-19
PAY01735,ORD01735,Card,538.76,2024-06-22
PAY01736,ORD01736,Online,337.84,2024-05-16
PAY01737,ORD01737,Online,856.52,2023-08-19
PAY01738,ORD01738,Cash,871.64,2023-04-25
PAY01739,ORD01739,Card,709.24,2024-06-08
PAY01740,ORD01740,Online,2178.33,2023-06-21
PAY01741,ORD01741,Card,273.05,2023-05-02
PAY01742,ORD01742,Card,1077.11,2023-10-25
PAY01743,ORD01743,Online,963.01,2024-01-16
PAY01744,ORD01744,Online,706.88,2023-04-26
PAY01745,ORD01745,Online,713.59,2024-04-09
PAY01746,ORD01746,Cash,209.48,2024-07-26
PAY01747,ORD01747,Online,769.73,2023-10-11
PAY01748,ORD01748,Card,1226.19,2023-01-03
PAY01749,ORD01749,Card,52.75,2023-12-20
PAY01750,ORD01750,Online,1173.37,2023-07-21
PAY01751,ORD01751,Cash,235.44,2023-09-07
PAY01752,ORD01752,Online,1245.86,2024-02-24
PAY01753,ORD01753,Card,109.56,2023-01-24
PAY01754,ORD01754,Online,632.64,2024-03-16
PAY01755,ORD01755,Card,383.77,2024-02-04
PAY01756,ORD01756,Online,608.04,2023-09-08
PAY01757,ORD01757,Cash,834.23,2023-03-09
PAY01758,ORD01758,Card,1159.49,2023-06-25
PAY01759,ORD01759,Card,829.46,2023-09-25
PAY01760,ORD01760,Card,136.42,2023-06-03
PAY01761,ORD01761,Cash,1301.04,2024-06-06
PAY01762,ORD01762,Card,997.03,2023-03-20
PAY01763,ORD01763,Card,585.82,2024-01-03
PAY01764,ORD01764,Online,418.56,2024-03-28
PAY01765,ORD01765,Online,493.3,2023-08-15
PAY01766,ORD01766,Card,502.35,2023-12-15
PAY01767,ORD01767,Card,960.66,2024-07-18
PAY01768,ORD01768,Card,1018.56,2023-07-19
PAY01769,ORD01769,Cash,801.45,2023-08-06
PAY01770,ORD01770,Card,1322.28,2024-07-05
PAY01771,ORD01771,Card,1206.73,2023-03-06
PAY01772,ORD01772,Card,566.83,2023-05-03
PAY01773,ORD01773,Cash,74.83,2023-08-18
PAY01774,ORD01774,Online,1656.79,2023-08-27
PAY01775,ORD01775,Card,565.4,2024-04-27
PAY01776,ORD01776,Online,334.26,2023-11-15
PAY01777,ORD01777,Online,634.75,2023-10-20
PAY01778,ORD01778,Cash,172.31,2023-06-15
PAY01779,ORD01779,Cash,466.38,2023-10-05
PAY01780,ORD01780,Online,1335.6,2024-03-25
PAY01781,ORD01781,Cash,1065.88,2023-11-13
PAY01782,ORD01782,Card,299.35,2023-04-22
PAY01783,ORD01783,Card,761.26,2024-04-08
PAY01784,ORD01784,Card,870.73,2023-06-10
PAY01785,ORD01785,Card,371.12,2024-06-01
PAY01786,ORD01786,Online,390.19,2024-03-05
PAY01787,ORD01787,Card,1255.49,2024-07-19
PAY01788,ORD01788,Card,232.86,2024-07-26
PAY01789,ORD01789,Card,1650.37,2023-12-08
PAY01790,ORD01790,Online,965.65,2024-02-01
PAY01791,ORD01791,Online,466.36,2023-03-06
PAY01792,ORD01792,Card,156.79,2023-10-19
PAY01793,ORD01793,Card,890.15,2023-09-15
PAY01794,ORD01794,Card,2282.22,2023-07-10
PAY01795,ORD01795,Card,793.92,2024-01-23
PAY01796,ORD01796,Card,1065.12,2024-07-30
PAY01797,ORD01797,Online,418.64,2024-02-28
PAY01798,ORD01798,Card,132.52,2023-07-12
PAY01799,ORD01799,Online,1272.54,2024-07-09
PAY01800,ORD01800,Card,338.18,2024-01-02
PAY01801,ORD01801,Cash,821.44,2023-01-21
PAY01802,ORD01802,Card,71.78,2023-12-11
PAY01803,ORD01803,Card,736.63,2023-11-23
PAY01804,ORD01804,Card,1652.1,2023-06-28
PAY01805,ORD01805,Card,640.87,2024-06-03
PAY01806,ORD01806,Card,89.19,2023-03-30
PAY01807,ORD01807,Card,504.23,2023-08-26
PAY01808,ORD01808,Online,259.01,2023-05-08
PAY01809,ORD01809,Online,1210.08,2023-09-03
PAY01810,ORD01810,Cash,2166.82,2023-05-11
PAY01811,ORD01811,Online,99.73,2023-03-03
PAY01812,ORD01812,Online,155.48,2023-02-02
PAY01813,ORD01813,Card,731.12,2024-08-04
PAY01814,ORD01814,Card,759.8,2023-05-12
PAY01815,ORD01815,Online,576.51,2023-08-16
PAY01816,ORD01816,Online,1446.13,2024-01-22
PAY01817,ORD01817,Cash,342.66,2023-01-21
PAY01818,ORD01818,Online,1090.67,2023-02-23
PAY01819,ORD01819,Card,735.37,2023-01-04
PAY01820,ORD01820,Online,290.03,2024-05-14
PAY01821,ORD01821,Card,1659.01,2024-03-14
PAY01822,ORD01822,Online,300.22,2024-03-11
PAY01823,ORD01823,Online,419.32,2024-07-21
PAY01824,ORD01824,Card,468.09,2023-07-19
PAY01825,ORD01825,Card,596.89,2024-04-19
PAY01826,ORD01826,Cash,576.04,2024-05-19
PAY01827,ORD01827,Card,478.28,2023-09-25
PAY01828,ORD01828,Card,1019.45,2023-10-06
PAY01829,ORD01829,Card,743.59,2023-10-21
PAY01830,ORD01830,Cash,541.36,2023-03-08
PAY01831,ORD01831,Online,504.85,2024-04-09
PAY01832,ORD01832,Card,631.84,2023-03-07
PAY01833,ORD01833,Cash,1884.76,2023-03-26
PAY01834,ORD01834,Cash,963.4,2024-05-11
PAY01835,ORD01835,Card,947.56,2023-09-18
PAY01836,ORD01836,Card,449.41,2024-08-21
PAY01837,ORD01837,Cash,558.57,2024-05-06
PAY01838,ORD01838,Online,608.87,2023-06-10
PAY01839,ORD01839,Online,302.76,2024-05-02
PAY01840,ORD01840,Online,1019.33,2024-07-09
PAY01841,ORD01841,Online,164.16,2024-05-05
PAY01842,ORD01842,Card,298.83,2024-05-03
PAY01843,ORD01843,Online,898.89,2024-05-31
PAY01844,ORD01844,Online,377.14,2024-01-23
PAY01845,ORD01845,Card,694.53,2024-06-25
PAY01846,ORD01846,Card,210.94,2023-05-29
PAY01847,ORD01847,Card,758.57,2023-04-30
PAY01848,ORD01848,Online,752.47,2023-01-23
PAY01849,ORD01849,Card,364.43,2023-09-22
PAY01850,ORD01850,Online,920.12,2024-02-07
PAY01851,ORD01851,Online,1000.89,2023-03-17
PAY01852,ORD01852,Card,482.72,2023-12-01
PAY01853,ORD01853,Card,385.92,2024-01-22
PAY01854,ORD01854,Online,804.71,2023-04-24
PAY01855,ORD01855,Card,1317.99,2024-05-30
PAY01856,ORD01856,Card,1303.81,2024-06-15
PAY01857,ORD01857,Online,869.79,2024-01-26
PAY01858,ORD01858,Card,165.04,2024-03-23
PAY01859,ORD01859,Cash,1491.25,2024-07-27
PAY01860,ORD01860,Cash,445.32,2024-01-12
PAY01861,ORD01861,Card,512.86,2023-10-29
PAY01862,ORD01862,Cash,587.93,2023-02-09
PAY01863,ORD01863,Card,756.96,2024-06-17
PAY01864,ORD01864,Card,306.37,2023-10-03
PAY01865,ORD01865,Online,594.54,2023-09-18
PAY01866,ORD01866,Online,165.04,2023-09-09
PAY01867,ORD01867,Card,717.55,2023-01-28
PAY01868,ORD01868,Online,1657.44,2024-04-02
PAY01869,ORD01869,Cash,960.91,2023-01-30
PAY01870,ORD01870,Card,1898.65,2023-02-13
PAY01871,ORD01871,Online,182.61,2023-08-24
PAY01872,ORD01872,Online,574.38,2024-07-08
PAY01873,ORD01873,Card,160.11,2024-01-21
PAY01874,ORD01874,Cash,858.16,2024-06-08
PAY01875,ORD01875,Card,537.42,2023-12-04
PAY01876,ORD01876,Card,343.75,2024-03-18
PAY01877,ORD01877,Card,298.35,2023-11-16
PAY01878,ORD01878,Online,145.31,2023-04-11
PAY01879,ORD01879,Cash,590.48,2024-08-05
PAY01880,ORD01880,Cash,128.9,2024-08-03
PAY01881,ORD01881,Card,393.58,2024-05-15
PAY01882,ORD01882,Cash,309.55,2024-03-09
PAY01883,ORD01883,Card,1217.16,2024-07-21
PAY01884,ORD01884,Card,970.12,2023-07-12
PAY01885,ORD01885,Card,468.77,2024-06-03
PAY01886,ORD01886,Cash,1186.76,2023-07-27
PAY01887,ORD01887,Card,976.75,2023-07-30
PAY01888,ORD01888,Card,1099.53,2023-07-08
PAY01889,ORD01889,Card,674.73,2023-03-15
PAY01890,ORD01890,Cash,2662.43,2023-02-27
PAY01891,ORD01891,Online,882.28,2023-01-29
PAY01892,ORD01892,Cash,195.56,2024-03-07
PAY01893,ORD01893,Online,210.78,2024-06-16
PAY01894,ORD01894,Online,1374.95,2023-11-03
PAY01895,ORD01895,Cash,779.94,2024-05-05
PAY01896,ORD01896,Card,983.37,2024-06-04
PAY01897,ORD01897,Card,854.81,2024-07-11
PAY01898,ORD01898,Card,680.71,2023-04-15
PAY01899,ORD01899,Card,404.25,2023-08-14
PAY01900,ORD01900,Card,107.87,2024-01-25
PAY01901,ORD01901,Cash,1085.88,2023-07-27
PAY01902,ORD01902,Online,154.19,2024-06-03
PAY01903,ORD01903,Card,806.57,2024-07-27
PAY01904,ORD01904,Card,961.64,2023-12-21
PAY01905,ORD01905,Card,715.73,2023-07-29
PAY01906,ORD01906,Online,644.31,2023-05-12
PAY01907,ORD01907,Online,1416.88,2023-06-16
PAY01908,ORD01908,Card,156.43,2024-07-17
PAY01909,ORD01909,Online,191.46,2024-08-13
PAY01910,ORD01910,Online,133.67,2023-09-11
PAY01911,ORD01911,Card,1027.09,2023-01-04
PAY01912,ORD01912,Cash,1313.79,2024-04-08
PAY01913,ORD01913,Cash,656.62,2023-04-15
PAY01914,ORD01914,Card,274.4,2023-11-25
PAY01915,ORD01915,Card,1410.37,2023-05-03
PAY01916,ORD01916,Cash,415.95,2023-07-07
PAY01917,ORD01917,Card,601.26,2023-06-10
PAY01918,ORD01918,Cash,82.33,2023-07-28
PAY01919,ORD01919,Card,949.67,2023-04-18
PAY01920,ORD01920,Card,628.58,2023-06-14
PAY01921,ORD01921,Cash,173.25,2023-12-16
PAY01922,ORD01922,Card,1005.41,2024-08-20
PAY01923,ORD01923,Cash,756.67,2024-01-15
PAY01924,ORD01924,Card,2018.35,2024-01-04
PAY01925,ORD01925,Card,288.84,2024-02-15
PAY01926,ORD01926,Card,610.36,2024-06-13
PAY01927,ORD01927,Card,575.49,2024-03-21
PAY01928,ORD01928,Card,1237.89,2023-07-13
PAY01929,ORD01929,Cash,1433.59,2024-05-22
PAY01930,ORD01930,Card,1508.09,2024-05-03
PAY01931,ORD01931,Cash,119.11,2023-05-14
PAY01932,ORD01932,Online,944.15,2024-02-08
PAY01933,ORD01933,Card,1324.51,2023-11-26
PAY01934,ORD01934,Card,446.61,2023-07-31
PAY01935,ORD01935,Online,54.0,2024-01-20
PAY01936,ORD01936,Online,141.27,2024-08-13
PAY01937,ORD01937,Online,112.1,2023-03-30
PAY01938,ORD01938,Card,1235.05,2024-04-04
PAY01939,ORD01939,Card,214.4,2023-03-30
PAY01940,ORD01940,Card,448.46,2024-05-24
PAY01941,ORD01941,Online,379.16,2023-11-01
PAY01942,ORD01942,Online,546.3,2023-10-10
PAY01943,ORD01943,Card,241.13,2023-06-17
PAY01944,ORD01944,Cash,1671.43,2023-02-08
PAY01945,ORD01945,Card,634.55,2024-03-11
PAY01946,ORD01946,Card,1660.39,2023-07-22
PAY01947,ORD01947,Cash,480.09,2023-10-28
PAY01948,ORD01948,Card,790.41,2023-08-25
PAY01949,ORD01949,Card,1287.62,2023-01-19
PAY01950,ORD01950,Cash,1183.35,2024-03-21
PAY01951,ORD01951,Online,2550.5,2024-03-12
PAY01952,ORD01952,Cash,33.9,2023-04-11
PAY01953,ORD01953,Card,555.84,2024-04-14
PAY01954,ORD01954,Card,1287.25,2024-01-15
PAY01955,ORD01955,Card,423.08,2024-03-01
PAY01956,ORD01956,Online,510.87,2023-10-28
PAY01957,ORD01957,Cash,629.7,2023-03-04
PAY01958,ORD01958,Cash,2468.13,2023-09-29
PAY01959,ORD01959,Card,335.96,2024-07-09
PAY01960,ORD01960,Cash,1674.33,2023-05-30
PAY01961,ORD01961,Online,1372.41,2024-02-18
PAY01962,ORD01962,Cash,1644.81,2024-03-05
PAY01963,ORD01963,Card,129.51,2023-12-16
PAY01964,ORD01964,Online,253.55,2024-01-20
PAY01965,ORD01965,Online,2368.24,2023-07-25
PAY01966,ORD01966,Cash,562.2,2023-08-21
PAY01967,ORD01967,Card,1081.64,2024-06-17
PAY01968,ORD01968,Cash,570.88,2024-04-19
PAY01969,ORD01969,Cash,1007.96,2024-06-11
PAY01970,ORD01970,Online,519.0,2023-09-07
PAY01971,ORD01971,Card,1342.34,2023-11-29
PAY01972,ORD01972,Online,306.09,2023-10-29
PAY01973,ORD01973,Online,891.41,2023-06-09
PAY01974,ORD01974,Card,1770.72,2023-03-06
PAY01975,ORD01975,Card,329.72,2024-07-13
PAY01976,ORD01976,Card,703.55,2023-10-09
PAY01977,ORD01977,Card,49.22,2024-01-17
PAY01978,ORD01978,Card,1953.77,2024-06-26
PAY01979,ORD01979,Card,755.32,2023-04-19
PAY01980,ORD01980,Card,2090.78,2023-02-02
PAY01981,ORD01981,Card,1524.86,2023-02-26
PAY01982,ORD01982,Card,582.15,2023-06-15
PAY01983,ORD01983,Cash,609.24,2024-08-16
PAY01984,ORD01984,Card,589.78,2023-06-08
PAY01985,ORD01985,Online,1087.39,2023-12-08
PAY01986,ORD01986,Cash,574.38,2023-01-11
PAY01987,ORD01987,Cash,1399.23,2023-12-04
PAY01988,ORD01988,Online,875.56,2023-10-11
PAY01989,ORD01989,Card,1051.62,2023-07-06
PAY01990,ORD01990,Cash,117.19,2023-02-20
PAY01991,ORD01991,Online,963.11,2024-08-05
PAY01992,ORD01992,Card,333.51,2024-07-16
PAY01993,ORD01993,Online,49.22,2023-03-08
PAY01994,ORD01994,Card,1498.73,2023-11-20
PAY01995,ORD01995,Card,866.2,2024-06-15
PAY01996,ORD01996,Cash,709.7,2023-01-20
PAY01997,ORD01997,Card,297.12,2024-06-12
PAY01998,ORD01998,Cash,1298.54,2023-08-30
PAY01999,ORD01999,Online,920.92,2023-01-12
PAY02000,ORD02000,Card,1004.42,2023-11-04
