ProductID,ProductName,Category,UnitCost,UnitPrice
P0001,ELE-01,Electronics,59.31,116.43
P0002,ELE-02,Electronics,111.14,188.83
P0003,ELE-03,Electronics,27.62,37.76
P0004,ELE-04,Electronics,13.42,25.49
P0005,ELE-05,Electronics,92.16,164.14
P0006,ELE-06,Electronics,7.98,15.78
P0007,ELE-07,Electronics,125.7,177.14
P0008,ELE-08,Electronics,31.36,43.51
P0009,ELE-09,Electronics,49.12,80.73
P0010,ELE-10,Electronics,67.63,99.31
P0011,ELE-11,Electronics,93.72,126.96
P0012,ELE-12,Electronics,47.36,72.21
P0013,CLO-01,Clothing,71.13,130.8
P0014,CLO-02,Clothing,33.95,55.53
P0015,CLO-03,Clothing,90.9,116.79
P0016,CLO-04,Clothing,93.09,128.27
P0017,CLO-05,Clothing,14.43,28.31
P0018,CLO-06,Clothing,145.02,269.2
P0019,CLO-07,Clothing,49.17,65.06
P0020,CLO-08,Clothing,104.21,164.66
P0021,CLO-09,Clothing,22.7,36.81
P0022,CLO-10,Clothing,9.99,19.3
P0023,CLO-11,Clothing,42.52,74.28
P0024,CLO-12,Clothing,50.2,82.33
P0025,GRO-01,Grocery,84.27,117.02
P0026,GRO-02,Grocery,145.59,266.63
P0027,GRO-03,Grocery,141.23,271.32
P0028,GRO-04,Grocery,91.7,178.03
P0029,GRO-05,Grocery,17.83,24.91
P0030,GRO-06,Grocery,11.56,17.27
P0031,GRO-07,Grocery,61.36,89.19
P0032,GRO-08,Grocery,125.17,189.95
P0033,GRO-09,Grocery,45.74,75.79
P0034,GRO-10,Grocery,25.43,47.09
P0035,GRO-11,Grocery,15.81,31.46
P0036,GRO-12,Grocery,116.98,163.66
P0037,HOM-01,Home,5.8,10.8
P0038,HOM-02,Home,107.49,193.13
P0039,HOM-03,Home,116.83,152.53
P0040,HOM-04,Home,56.98,76.18
P0041,HOM-05,Home,130.15,223.53
P0042,HOM-06,Home,52.98,68.75
P0043,HOM-07,Home,50.09,74.83
P0044,HOM-08,Home,110.79,191.46
P0045,HOM-09,Home,133.65,214.4
P0046,HOM-10,Home,22.34,39.88
P0047,HOM-11,Home,115.31,192.68
P0048,HOM-12,Home,116.79,189.24
P0049,BEA-01,Beauty,80.8,126.91
P0050,BEA-02,Beauty,8.69,11.57
P0051,BEA-03,Beauty,9.56,16.51
P0052,BEA-04,Beauty,50.58,82.52
P0053,BEA-05,Beauty,136.6,196.29
P0054,BEA-06,Beauty,64.51,117.19
P0055,BEA-07,Beauty,38.18,49.93
P0056,BEA-08,Beauty,47.01,64.45
P0057,BEA-09,Beauty,139.81,259.5
P0058,BEA-10,Beauty,96.84,184.34
P0059,BEA-11,Beauty,121.53,168.92
P0060,BEA-12,Beauty,134.42,222.4
